Team,Statistic,Median of Statistic,Mean of Statistic,Std of Statistic
Arsenal,Matches Played,23.5,23.272727272727273,8.066283844803321
Aston Villa,Matches Played,20.5,19.428571428571427,10.333077313776704
Bournemouth,Matches Played,26.0,22.217391304347824,10.180000543575314
Brentford,Matches Played,28.0,23.523809523809526,11.382526290850585
Brighton,Matches Played,21.0,19.535714285714285,10.035057595867647
Chelsea,Matches Played,18.0,19.692307692307693,11.2632827568848
Crystal Palace,Matches Played,30.0,24.047619047619047,10.632385388407393
Everton,Matches Played,24.0,22.40909090909091,9.287262608177222
Fulham,Matches Played,27.0,24.5,9.328655290223214
Ipswich Town,Matches Played,18.5,18.2,9.01493014488972
Leicester City,Matches Played,21.5,20.23076923076923,9.717232907809475
Liverpool,Matches Played,28.0,25.19047619047619,8.92535180045609
Manchester City,Matches Played,23.0,19.88,8.973665174646683
Manchester Utd,Matches Played,20.0,17.666666666666668,11.454056150501906
Newcastle Utd,Matches Played,27.0,23.217391304347824,10.144216989986017
Nott'ham Forest,Matches Played,30.0,24.5,10.88795752414653
Southampton,Matches Played,20.0,18.655172413793103,10.379498549919608
Tottenham,Matches Played,22.0,19.333333333333332,9.232051193032305
West Ham,Matches Played,20.0,21.56,8.52975185258438
Wolves,Matches Played,26.0,22.782608695652176,8.923699404798084
Arsenal,Starts,16.5,17.5,10.395740886123923
Aston Villa,Starts,9.5,13.75,11.660712766474536
Bournemouth,Starts,17.0,16.695652173913043,11.632379505691295
Brentford,Starts,21.0,18.333333333333332,13.297869503545796
Brighton,Starts,10.0,13.75,10.127428835336973
Chelsea,Starts,11.5,14.807692307692308,11.79158761412298
Crystal Palace,Starts,19.0,18.238095238095237,12.87208126879551
Everton,Starts,15.0,17.454545454545453,10.649065564761887
Fulham,Starts,17.5,17.454545454545453,11.496282101814575
Ipswich Town,Starts,11.5,12.833333333333334,9.684980669816161
Leicester City,Starts,15.0,14.807692307692308,9.968025805621616
Liverpool,Starts,20.0,18.333333333333332,11.921968517544965
Manchester City,Starts,17.0,15.36,8.625929901562305
Manchester Utd,Starts,11.5,12.833333333333334,10.780196829286602
Newcastle Utd,Starts,14.0,16.73913043478261,12.588657922923923
Nott'ham Forest,Starts,19.0,17.5,13.3014499746671
Southampton,Starts,13.0,13.241379310344827,9.840351229263666
Tottenham,Starts,16.0,14.222222222222221,8.092414935430554
West Ham,Starts,14.0,15.4,10.862780491200215
Wolves,Starts,15.0,16.652173913043477,10.907081501367374
Arsenal,Minutes,1478.5,1564.4545454545455,902.9764921937589
Aston Villa,Minutes,1004.0,1235.357142857143,943.1826033597222
Bournemouth,Minutes,1670.0,1494.608695652174,1004.3940615266696
Brentford,Minutes,1913.0,1638.095238095238,1122.0364479268
Brighton,Minutes,929.5,1233.8214285714287,890.9927070230451
Chelsea,Minutes,1046.5,1329.5,1029.0452371008769
Crystal Palace,Minutes,1652.0,1633.047619047619,1082.8501039474706
Everton,Minutes,1357.5,1565.2272727272727,904.2691830485297
Fulham,Minutes,1620.5,1568.2727272727273,963.243685818079
Ipswich Town,Minutes,984.5,1146.7666666666667,798.9912900709215
Leicester City,Minutes,1408.0,1329.1923076923076,824.5063016972408
Liverpool,Minutes,1717.0,1643.095238095238,977.4990488364633
Manchester City,Minutes,1494.0,1381.36,766.2823065511386
Manchester Utd,Minutes,1071.0,1149.6666666666667,931.0153276020138
Newcastle Utd,Minutes,1503.0,1502.8695652173913,1050.9113060208888
Nott'ham Forest,Minutes,1804.0,1572.6818181818182,1104.9251380098385
Southampton,Minutes,1178.0,1184.3103448275863,856.2372878492552
Tottenham,Minutes,1300.0,1277.7777777777778,694.5650732837356
West Ham,Minutes,1070.0,1381.52,914.3885078747071
Wolves,Minutes,1364.0,1495.2173913043478,875.6224776238662
Arsenal,Goals,2.0,2.8181818181818183,2.8053751745764544
Aston Villa,Goals,1.0,1.8928571428571428,3.2924074914790067
Bournemouth,Goals,1.0,2.347826086956522,3.5879684762496544
Brentford,Goals,0.0,2.9047619047619047,5.539898572219188
Brighton,Goals,1.0,1.9642857142857142,2.9997795333452837
Chelsea,Goals,1.0,2.269230769230769,3.650289767212376
Crystal Palace,Goals,0.0,1.9047619047619047,3.404478842712374
Everton,Goals,1.0,1.5,2.1325147238926743
Fulham,Goals,0.5,2.227272727272727,3.2649920612726087
Ipswich Town,Goals,0.0,1.1333333333333333,2.315365962484092
Leicester City,Goals,0.0,1.1153846153846154,2.006527808467614
Liverpool,Goals,1.0,3.8095238095238093,6.493219907095768
Manchester City,Goals,1.0,2.64,4.4147480109288235
Manchester Utd,Goals,0.0,1.3333333333333333,2.264163594268134
Newcastle Utd,Goals,0.0,2.782608695652174,5.1870163234677555
Nott'ham Forest,Goals,1.0,2.409090909090909,4.159430946760121
Southampton,Goals,0.0,0.8275862068965517,1.0713464664764276
Tottenham,Goals,1.0,2.2222222222222223,3.2502465389724766
West Ham,Goals,0.0,1.48,2.5999999999999996
Wolves,Goals,1.0,2.1739130434782608,3.9387604639143596
Arsenal,Assists,1.5,2.3181818181818183,2.7496556258204516
Aston Villa,Assists,0.0,1.5,2.3959842947608694
Bournemouth,Assists,1.0,1.6956521739130435,2.0545909260769615
Brentford,Assists,2.0,1.9523809523809523,2.4387740870402586
Brighton,Assists,1.0,1.3214285714285714,1.6113847605587084
Chelsea,Assists,1.0,1.7307692307692308,2.2549091743605514
Crystal Palace,Assists,1.0,1.5238095238095237,2.0885173597326796
Everton,Assists,1.0,1.0,1.1126972805283737
Fulham,Assists,1.0,1.9090909090909092,2.561790499391112
Ipswich Town,Assists,0.0,0.8333333333333334,1.0854312136382618
Leicester City,Assists,0.0,0.8461538461538461,1.189699380257305
Liverpool,Assists,2.0,2.857142857142857,3.9910614413425693
Manchester City,Assists,0.0,1.92,2.564501251055781
Manchester Utd,Assists,0.0,0.9333333333333333,1.99885024422806
Newcastle Utd,Assists,1.0,2.0869565217391304,2.8430624250215066
Nott'ham Forest,Assists,1.0,1.7727272727272727,2.4867614851414044
Southampton,Assists,0.0,0.5172413793103449,0.8289705171033536
Tottenham,Assists,1.0,1.7037037037037037,2.38286858178597
West Ham,Assists,1.0,0.96,1.5132745950421556
Wolves,Assists,1.0,1.6956521739130435,2.224548628551535
Arsenal,Yellow Cards,2.5,2.909090909090909,1.9738550848793068
Aston Villa,Yellow Cards,2.0,2.4285714285714284,2.251395804558378
Bournemouth,Yellow Cards,3.0,3.869565217391304,3.0793202884297664
Brentford,Yellow Cards,2.0,2.5238095238095237,1.8873009198071093
Brighton,Yellow Cards,2.0,2.6785714285714284,2.5970577572917004
Chelsea,Yellow Cards,2.5,3.6923076923076925,3.197114083284871
Crystal Palace,Yellow Cards,2.0,3.619047619047619,3.3686227226596697
Everton,Yellow Cards,3.0,3.409090909090909,2.1747269321542944
Fulham,Yellow Cards,2.5,3.409090909090909,2.9866224099998684
Ipswich Town,Yellow Cards,2.0,2.966666666666667,2.6455340811852426
Leicester City,Yellow Cards,2.0,3.1153846153846154,2.6431333387012175
Liverpool,Yellow Cards,3.0,3.0476190476190474,2.2688364964490164
Manchester City,Yellow Cards,2.0,2.32,1.74928556845359
Manchester Utd,Yellow Cards,2.0,2.6,2.4719111690322144
Newcastle Utd,Yellow Cards,2.0,2.608695652173913,3.026235742105763
Nott'ham Forest,Yellow Cards,3.0,3.727272727272727,3.2393682244392186
Southampton,Yellow Cards,2.0,2.8620689655172415,2.9486575387433813
Tottenham,Yellow Cards,2.0,2.4444444444444446,2.325995788959303
West Ham,Yellow Cards,2.0,2.96,2.6532998322843198
Wolves,Yellow Cards,2.0,3.217391304347826,2.74617952368096
Arsenal,Red Cards,0.0,0.22727272727272727,0.5284134548067253
Aston Villa,Red Cards,0.0,0.07142857142857142,0.262265264156481
Bournemouth,Red Cards,0.0,0.08695652173913043,0.2881040655200304
Brentford,Red Cards,0.0,0.047619047619047616,0.21821789023599236
Brighton,Red Cards,0.0,0.10714285714285714,0.314970394174356
Chelsea,Red Cards,0.0,0.038461538461538464,0.19611613513818402
Crystal Palace,Red Cards,0.0,0.19047619047619047,0.40237390808147827
Everton,Red Cards,0.0,0.09090909090909091,0.29424494316824984
Fulham,Red Cards,0.0,0.09090909090909091,0.29424494316824984
Ipswich Town,Red Cards,0.0,0.16666666666666666,0.3790490217894517
Leicester City,Red Cards,0.0,0.0,0.0
Liverpool,Red Cards,0.0,0.09523809523809523,0.30079260375911915
Manchester City,Red Cards,0.0,0.04,0.2
Manchester Utd,Red Cards,0.0,0.1,0.40257789993644877
Newcastle Utd,Red Cards,0.0,0.043478260869565216,0.20851441405707474
Nott'ham Forest,Red Cards,0.0,0.09090909090909091,0.2942449431682498
Southampton,Red Cards,0.0,0.10344827586206896,0.4092525928189875
Tottenham,Red Cards,0.0,0.037037037037037035,0.19245008972987523
West Ham,Red Cards,0.0,0.12,0.33166247903553997
Wolves,Red Cards,0.0,0.08695652173913043,0.2881040655200304
Arsenal,xG,1.65,2.5636363636363635,2.6409856483527494
Aston Villa,xG,0.8,1.9535714285714287,2.9725263158486412
Bournemouth,xG,1.1,2.682608695652174,3.5771563330151
Brentford,xG,0.8,2.6095238095238096,4.196773136816519
Brighton,xG,0.75,1.9107142857142858,2.6435581080996635
Chelsea,xG,0.75,2.5653846153846156,4.209507553877751
Crystal Palace,xG,1.1,2.5523809523809526,3.4639022860957045
Everton,xG,1.1,1.7,2.0189577697887775
Fulham,xG,1.05,2.122727272727273,2.6848661965741405
Ipswich Town,xG,0.6,1.07,1.7597315626008967
Leicester City,xG,0.4,1.1846153846153844,2.171578652997364
Liverpool,xG,1.7,3.6761904761904765,5.513973590969108
Manchester City,xG,1.3,2.52,4.175424130153328
Manchester Utd,xG,0.7,1.6033333333333333,2.26768655216072
Newcastle Utd,xG,0.5,2.634782608695652,4.43699413973553
Nott'ham Forest,xG,1.4,1.9227272727272726,2.6047450872776334
Southampton,xG,0.5,1.0724137931034483,1.3879317994062084
Tottenham,xG,0.7,2.1,2.9091368003373312
West Ham,xG,1.2,1.776,2.2548614148102315
Wolves,xG,0.8,1.7608695652173914,2.479871538174871
Arsenal,xAG,0.9,1.9318181818181819,2.187711647151482
Aston Villa,xAG,0.45,1.4321428571428572,2.0083259237168196
Bournemouth,xAG,1.1,1.808695652173913,1.874206024252369
Brentford,xAG,1.2,1.8952380952380952,2.2310258157350376
Brighton,xAG,1.0,1.3214285714285714,1.3985063839039513
Chelsea,xAG,1.05,1.9653846153846155,2.4762782247061508
Crystal Palace,xAG,1.5,1.9142857142857144,2.12821185841206
Everton,xAG,1.05,1.3,1.1079797144438375
Fulham,xAG,1.0,1.6272727272727272,1.882293893904537
Ipswich Town,xAG,0.4,0.7100000000000001,0.9714369023114232
Leicester City,xAG,0.4,0.9192307692307692,1.1405329388559475
Liverpool,xAG,1.2,2.676190476190476,3.1846357345707155
Manchester City,xAG,1.5,2.028,2.249355463238303
Manchester Utd,xAG,0.35,1.2,1.707589549325457
Newcastle Utd,xAG,0.9,1.8826086956521737,2.277489082682753
Nott'ham Forest,xAG,1.1,1.4090909090909092,1.4319181577134954
Southampton,xAG,0.5,0.8103448275862069,0.9220880139220546
Tottenham,xAG,0.9,1.5814814814814815,2.0200984433432247
West Ham,xAG,1.1,1.26,1.40356688476182
Wolves,xAG,0.9,1.4000000000000001,1.77942789580349
Arsenal,PrgC,23.0,35.31818181818182,32.69685635629847
Aston Villa,PrgC,16.5,23.785714285714285,23.6601824338747
Bournemouth,PrgC,19.0,29.869565217391305,34.65322279099553
Brentford,PrgC,12.0,25.857142857142858,32.37635821751068
Brighton,PrgC,18.5,26.357142857142858,30.01384160401144
Chelsea,PrgC,11.0,31.192307692307693,41.09892381147636
Crystal Palace,PrgC,11.0,21.714285714285715,22.71154520754336
Everton,PrgC,12.0,20.318181818181817,20.501768480365563
Fulham,PrgC,22.0,32.81818181818182,36.188180606164984
Ipswich Town,PrgC,9.0,15.066666666666666,18.26799223313512
Leicester City,PrgC,15.0,21.03846153846154,22.975605792632795
Liverpool,PrgC,24.0,35.666666666666664,36.51620644773131
Manchester City,PrgC,35.0,41.64,45.442161040161814
Manchester Utd,PrgC,10.0,21.066666666666666,31.189004841265866
Newcastle Utd,PrgC,14.0,29.82608695652174,33.44011224142897
Nott'ham Forest,PrgC,13.0,26.181818181818183,33.95183754566567
Southampton,PrgC,10.0,20.620689655172413,26.91045175750685
Tottenham,PrgC,18.0,29.51851851851852,29.123570113952994
West Ham,PrgC,11.0,22.92,30.369831521868317
Wolves,PrgC,12.0,23.565217391304348,27.78951091681981
Arsenal,PrgP_x,56.5,77.0,62.4431169717116
Aston Villa,PrgP_x,34.0,44.17857142857143,48.1994725431633
Bournemouth,PrgP_x,43.0,58.47826086956522,52.052307227893714
Brentford,PrgP_x,52.0,58.285714285714285,54.4941674467487
Brighton,PrgP_x,40.0,49.785714285714285,50.207980141022105
Chelsea,PrgP_x,34.5,57.53846153846154,63.00300359140396
Crystal Palace,PrgP_x,47.0,50.142857142857146,39.5047917527554
Everton,PrgP_x,40.0,43.5,35.4007667390734
Fulham,PrgP_x,53.0,65.31818181818181,49.51804516069669
Ipswich Town,PrgP_x,20.0,27.666666666666668,25.77265770264043
Leicester City,PrgP_x,30.5,38.84615384615385,34.95905297080264
Liverpool,PrgP_x,71.0,83.95238095238095,68.39990949590225
Manchester City,PrgP_x,64.0,70.28,60.42179518462964
Manchester Utd,PrgP_x,22.0,43.2,55.750923913791596
Newcastle Utd,PrgP_x,59.0,63.17391304347826,62.65029360296366
Nott'ham Forest,PrgP_x,35.0,45.95454545454545,43.847655389049976
Southampton,PrgP_x,24.0,36.44827586206897,39.45755966577666
Tottenham,PrgP_x,49.0,56.925925925925924,47.133138698083364
West Ham,PrgP_x,31.0,45.0,41.31182235954577
Wolves,PrgP_x,31.0,45.91304347826087,41.09845500688036
Arsenal,PrgR_x,52.0,75.95454545454545,77.48823399024143
Aston Villa,PrgR_x,21.0,43.75,51.99617151148584
Bournemouth,PrgR_x,31.0,57.65217391304348,71.61171101258645
Brentford,PrgR_x,27.0,57.57142857142857,77.18003072594065
Brighton,PrgR_x,27.0,49.464285714285715,62.593622999564744
Chelsea,PrgR_x,11.5,56.80769230769231,76.25746873888183
Crystal Palace,PrgR_x,11.0,49.61904761904762,64.75915085181104
Everton,PrgR_x,24.0,42.54545454545455,40.9433142082438
Fulham,PrgR_x,39.0,64.18181818181819,71.84085345475945
Ipswich Town,PrgR_x,14.5,27.233333333333334,35.37063201577549
Leicester City,PrgR_x,20.0,38.26923076923077,40.63944654377831
Liverpool,PrgR_x,54.0,83.04761904761905,111.0078718787439
Manchester City,PrgR_x,26.0,69.6,78.21764506810467
Manchester Utd,PrgR_x,14.5,42.7,64.32576037852846
Newcastle Utd,PrgR_x,22.0,62.69565217391305,71.58557166878145
Nott'ham Forest,PrgR_x,18.5,45.59090909090909,58.061264106204135
Southampton,PrgR_x,20.0,35.3448275862069,38.70610496519063
Tottenham,PrgR_x,31.0,56.51851851851852,69.30333012887307
West Ham,PrgR_x,25.0,44.64,57.79120463646119
Wolves,PrgR_x,28.0,45.26086956521739,47.76192606069889
Arsenal,Goals per 90,0.10500000000000001,0.16272727272727272,0.16406101705163634
Aston Villa,Goals per 90,0.035,0.16999999999999998,0.2806342023979892
Bournemouth,Goals per 90,0.03,0.13521739130434782,0.18007244918788032
Brentford,Goals per 90,0.0,0.11571428571428573,0.194642529488584
Brighton,Goals per 90,0.045,0.1207142857142857,0.14892027624621396
Chelsea,Goals per 90,0.05,0.1453846153846154,0.20468963372346471
Crystal Palace,Goals per 90,0.0,0.08523809523809524,0.13010069360380241
Everton,Goals per 90,0.04,0.09363636363636364,0.13076862353191954
Fulham,Goals per 90,0.015,0.16136363636363635,0.23915118658139675
Ipswich Town,Goals per 90,0.0,0.09166666666666666,0.15090721820293132
Leicester City,Goals per 90,0.0,0.061153846153846156,0.09778862604932839
Liverpool,Goals per 90,0.04,0.16523809523809524,0.23183224641147415
Manchester City,Goals per 90,0.06,0.1784,0.24563998045920782
Manchester Utd,Goals per 90,0.0,0.07433333333333333,0.1170524000942146
Newcastle Utd,Goals per 90,0.0,0.16086956521739132,0.2581034507796202
Nott'ham Forest,Goals per 90,0.065,0.11727272727272728,0.15848033731670724
Southampton,Goals per 90,0.0,0.05137931034482759,0.07637894894776003
Tottenham,Goals per 90,0.06,0.13481481481481483,0.19355719429767382
West Ham,Goals per 90,0.0,0.084,0.12529964086141668
Wolves,Goals per 90,0.07,0.12217391304347826,0.16700453237559784
Arsenal,Assists per 90,0.10500000000000001,0.13727272727272727,0.14998989864977474
Aston Villa,Assists per 90,0.0,0.08535714285714287,0.11429274118609058
Bournemouth,Assists per 90,0.04,0.10043478260869565,0.11451392376116482
Brentford,Assists per 90,0.09,0.09857142857142859,0.10412904082366813
Brighton,Assists per 90,0.035,0.09178571428571429,0.1313478156546529
Chelsea,Assists per 90,0.065,0.13153846153846155,0.18418886628007258
Crystal Palace,Assists per 90,0.03,0.060476190476190475,0.07896050851382547
Everton,Assists per 90,0.035,0.07545454545454545,0.09912605119732162
Fulham,Assists per 90,0.08499999999999999,0.10272727272727272,0.11695264887090878
Ipswich Town,Assists per 90,0.0,0.06766666666666668,0.10358016496758751
Leicester City,Assists per 90,0.0,0.05653846153846154,0.08574111301784262
Liverpool,Assists per 90,0.16,0.13904761904761903,0.13190544954264635
Manchester City,Assists per 90,0.0,0.102,0.1414213562373095
Manchester Utd,Assists per 90,0.0,0.044000000000000004,0.08528249203837716
Newcastle Utd,Assists per 90,0.04,0.10304347826086957,0.12679384780775932
Nott'ham Forest,Assists per 90,0.055,0.09045454545454545,0.10499330013669003
Southampton,Assists per 90,0.0,0.04310344827586207,0.09721491097694919
Tottenham,Assists per 90,0.07,0.11777777777777779,0.15054601477323326
West Ham,Assists per 90,0.03,0.07440000000000001,0.13635370670918096
Wolves,Assists per 90,0.04,0.10043478260869565,0.13026121521666884
Arsenal,xG per 90,0.1,0.1527272727272727,0.1416629742325011
Aston Villa,xG per 90,0.08,0.19321428571428573,0.24695259061322278
Bournemouth,xG per 90,0.08,0.1808695652173913,0.20232541393144277
Brentford,xG per 90,0.06,0.12095238095238095,0.16080748620337182
Brighton,xG per 90,0.09,0.1285714285714286,0.11850032929206585
Chelsea,xG per 90,0.08,0.15615384615384617,0.17830483836569153
Crystal Palace,xG per 90,0.08,0.14142857142857143,0.1406515451136501
Everton,xG per 90,0.05,0.11136363636363637,0.12333830573807014
Fulham,xG per 90,0.085,0.1459090909090909,0.15067021985619838
Ipswich Town,xG per 90,0.04,0.09133333333333334,0.11437184767341081
Leicester City,xG per 90,0.045,0.06769230769230769,0.08585139217544197
Liverpool,xG per 90,0.07,0.1842857142857143,0.20711280570190313
Manchester City,xG per 90,0.07,0.16079999999999997,0.21779041913423708
Manchester Utd,xG per 90,0.06,0.12666666666666665,0.16103829772241549
Newcastle Utd,xG per 90,0.12,0.14304347826086958,0.16196056710336218
Nott'ham Forest,xG per 90,0.07,0.11045454545454546,0.13120239808810383
Southampton,xG per 90,0.04,0.07758620689655173,0.08958855046480124
Tottenham,xG per 90,0.06,0.14074074074074072,0.17121569675358278
West Ham,xG per 90,0.07,0.13720000000000002,0.15915191903754514
Wolves,xG per 90,0.08,0.11130434782608696,0.11721403685046689
Arsenal,xAG per 90,0.09,0.11954545454545454,0.11712741424974414
Aston Villa,xAG per 90,0.05,0.09071428571428572,0.10356349175938799
Bournemouth,xAG per 90,0.1,0.1282608695652174,0.14858888291686637
Brentford,xAG per 90,0.08,0.10428571428571429,0.08941875801930087
Brighton,xAG per 90,0.08499999999999999,0.10250000000000001,0.07829786431030897
Chelsea,xAG per 90,0.095,0.15423076923076923,0.17029792898149002
Crystal Palace,xAG per 90,0.11,0.10095238095238096,0.0740881071363523
Everton,xAG per 90,0.055,0.08045454545454546,0.0695890845797004
Fulham,xAG per 90,0.085,0.10090909090909092,0.08111773283374346
Ipswich Town,xAG per 90,0.03,0.057,0.05820001184974402
Leicester City,xAG per 90,0.025,0.06692307692307692,0.08132744829486442
Liverpool,xAG per 90,0.11,0.1304761904761905,0.10938355408726627
Manchester City,xAG per 90,0.07,0.1164,0.12195900950729306
Manchester Utd,xAG per 90,0.06,0.081,0.08742878875661195
Newcastle Utd,xAG per 90,0.08,0.0973913043478261,0.09031346377551043
Nott'ham Forest,xAG per 90,0.065,0.085,0.08500700251267819
Southampton,xAG per 90,0.03,0.05448275862068966,0.05871153493969792
Tottenham,xAG per 90,0.08,0.10666666666666666,0.11076655979685733
West Ham,xAG per 90,0.08,0.1008,0.09720768145230772
Wolves,xAG per 90,0.07,0.07956521739130436,0.07606685222818899
Arsenal,Goals against per 90,0.89,0.89,0.0
Aston Villa,Goals against per 90,1.6800000000000002,1.6800000000000002,0.45254833995939026
Bournemouth,Goals against per 90,1.0,1.0833333333333333,0.14433756729740643
Brentford,Goals against per 90,1.385,1.385,0.2050609665440988
Brighton,Goals against per 90,1.085,1.085,0.8273149339882605
Chelsea,Goals against per 90,1.3,1.3,0.28284271247461895
Crystal Palace,Goals against per 90,1.37,1.37,0.0
Everton,Goals against per 90,1.23,1.23,0.0
Fulham,Goals against per 90,1.34,1.34,0.0
Ipswich Town,Goals against per 90,2.45,2.316666666666667,0.43558389930452346
Leicester City,Goals against per 90,2.19,2.6333333333333333,1.207656132072923
Liverpool,Goals against per 90,1.06,1.06,0.19798989873223322
Manchester City,Goals against per 90,1.2850000000000001,1.2850000000000001,0.26162950903902243
Manchester Utd,Goals against per 90,2.65,2.65,1.9091883092036783
Newcastle Utd,Goals against per 90,1.26,1.26,0.08485281374238578
Nott'ham Forest,Goals against per 90,1.2,1.2,0.0
Southampton,Goals against per 90,2.33,2.41,0.16522711641858312
Tottenham,Goals against per 90,1.75,1.7733333333333334,0.3555746522649406
West Ham,Goals against per 90,1.685,1.685,0.00707106781186556
Wolves,Goals against per 90,2.05,2.05,0.5374011537017764
Arsenal,Save%,74.1,74.1,0.0
Aston Villa,Save%,61.150000000000006,61.150000000000006,7.848885271170681
Bournemouth,Save%,80.0,80.0,4.599999999999994
Brentford,Save%,61.55,61.55,16.334166645409244
Brighton,Save%,69.85,69.85,7.283199846221443
Chelsea,Save%,73.85,73.85,3.464823227814082
Crystal Palace,Save%,67.1,67.1,0.0
Everton,Save%,71.1,71.1,0.0
Fulham,Save%,68.3,68.3,0.0
Ipswich Town,Save%,58.7,62.1,6.863672486358887
Leicester City,Save%,61.3,55.26666666666667,13.317782598215565
Liverpool,Save%,69.5,69.5,2.6870057685088886
Manchester City,Save%,68.25,68.25,0.3535533905932738
Manchester Utd,Save%,51.15,51.15,25.24371208835975
Newcastle Utd,Save%,70.4,70.4,0.42426406871193956
Nott'ham Forest,Save%,74.3,74.3,0.0
Southampton,Save%,67.1,67.46666666666665,2.6689573494781276
Tottenham,Save%,64.9,63.4,6.481512169239523
West Ham,Save%,68.75,68.75,8.2731493398826
Wolves,Save%,61.75,61.75,0.3535533905932738
Arsenal,Clean Sheets %,34.3,34.3,0.0
Aston Villa,Clean Sheets %,58.8,58.8,58.265598769771515
Bournemouth,Clean Sheets %,20.0,15.0,13.228756555322953
Brentford,Clean Sheets %,58.8,58.8,58.265598769771515
Brighton,Clean Sheets %,34.1,34.1,22.48599564173221
Chelsea,Clean Sheets %,22.15,22.15,7.707463914933371
Crystal Palace,Clean Sheets %,28.6,28.6,0.0
Everton,Clean Sheets %,28.6,28.6,0.0
Fulham,Clean Sheets %,14.3,14.3,0.0
Ipswich Town,Clean Sheets %,5.6,7.433333333333333,8.499607834090543
Leicester City,Clean Sheets %,3.7,6.0,7.422263805605403
Liverpool,Clean Sheets %,38.0,38.0,2.8284271247461903
Manchester City,Clean Sheets %,29.9,29.9,6.929646455628164
Manchester Utd,Clean Sheets %,13.65,13.65,19.30401512639275
Newcastle Utd,Clean Sheets %,39.0,39.0,15.556349186104045
Nott'ham Forest,Clean Sheets %,37.1,37.1,0.0
Southampton,Clean Sheets %,0.0,2.466666666666667,4.2723919920032305
Tottenham,Clean Sheets %,17.4,18.900000000000002,5.505451843400321
West Ham,Clean Sheets %,17.049999999999997,17.049999999999997,0.4949747468305815
Wolves,Clean Sheets %,12.95,12.95,18.31406563273158
Arsenal,Penalty Save %,0.0,0.0,0.0
Aston Villa,Penalty Save %,50.0,50.0,0.0
Bournemouth,Penalty Save %,0.0,0.0,0.0
Brentford,Penalty Save %,0.0,0.0,0.0
Brighton,Penalty Save %,0.0,0.0,0.0
Chelsea,Penalty Save %,10.0,10.0,14.142135623730951
Crystal Palace,Penalty Save %,50.0,50.0,0.0
Everton,Penalty Save %,100.0,100.0,0.0
Fulham,Penalty Save %,0.0,0.0,0.0
Ipswich Town,Penalty Save %,0.0,0.0,0.0
Leicester City,Penalty Save %,25.0,25.0,0.0
Liverpool,Penalty Save %,50.0,50.0,70.71067811865476
Manchester City,Penalty Save %,0.0,0.0,0.0
Manchester Utd,Penalty Save %,25.0,25.0,0.0
Newcastle Utd,Penalty Save %,50.0,50.0,0.0
Nott'ham Forest,Penalty Save %,0.0,0.0,0.0
Southampton,Penalty Save %,14.3,14.3,20.22325394193526
Tottenham,Penalty Save %,0.0,0.0,0.0
West Ham,Penalty Save %,0.0,0.0,0.0
Wolves,Penalty Save %,16.65,16.65,23.546655813512032
Arsenal,Shoots on target percentage,30.9,27.861904761904764,16.67769397100439
Aston Villa,Shoots on target percentage,29.4,30.164,22.372283447754427
Bournemouth,Shoots on target percentage,29.7,25.02,16.673035274453117
Brentford,Shoots on target percentage,34.8,30.88888888888889,17.79801340166232
Brighton,Shoots on target percentage,29.0,29.6,21.527507983972505
Chelsea,Shoots on target percentage,33.3,27.843478260869563,22.119732574557958
Crystal Palace,Shoots on target percentage,31.6,29.238095238095237,17.724121309404204
Everton,Shoots on target percentage,36.2,35.80952380952381,27.431932209778893
Fulham,Shoots on target percentage,30.9,32.04,24.490479353156168
Ipswich Town,Shoots on target percentage,20.2,27.016666666666666,25.011435065944756
Leicester City,Shoots on target percentage,32.9,32.94090909090909,24.07974171454007
Liverpool,Shoots on target percentage,32.8,31.494444444444444,15.156884369515053
Manchester City,Shoots on target percentage,32.05,31.45,21.18042110287796
Manchester Utd,Shoots on target percentage,26.8,26.454166666666666,16.521290063500455
Newcastle Utd,Shoots on target percentage,25.6,23.595238095238095,16.416256460913257
Nott'ham Forest,Shoots on target percentage,32.9,37.655,26.22926198371823
Southampton,Shoots on target percentage,30.0,25.888,22.6140502048321
Tottenham,Shoots on target percentage,34.15,32.9125,19.255791054392827
West Ham,Shoots on target percentage,26.9,23.791304347826088,13.969476890169517
Wolves,Shoots on target percentage,28.6,30.59047619047619,17.021307375225465
Arsenal,Shoot on target per 90,0.22,0.4090909090909091,0.4097026690861033
Aston Villa,Shoot on target per 90,0.195,0.45785714285714285,0.6738741345432017
Bournemouth,Shoot on target per 90,0.15,0.5382608695652175,0.6496058397486688
Brentford,Shoot on target per 90,0.17,0.31523809523809526,0.38166240380235317
Brighton,Shoot on target per 90,0.29500000000000004,0.3678571428571429,0.3485882336134663
Chelsea,Shoot on target per 90,0.31,0.4496153846153846,0.4903670524758429
Crystal Palace,Shoot on target per 90,0.34,0.490952380952381,0.46433721326106053
Everton,Shoot on target per 90,0.23500000000000001,0.7295454545454546,1.8817304024113835
Fulham,Shoot on target per 90,0.26,0.5113636363636364,0.5709832409728516
Ipswich Town,Shoot on target per 90,0.07,0.267,0.38456558563549653
Leicester City,Shoot on target per 90,0.18,0.2553846153846154,0.27373316597344605
Liverpool,Shoot on target per 90,0.35,0.48428571428571426,0.43508127319584133
Manchester City,Shoot on target per 90,0.33,0.4636,0.5136704520734411
Manchester Utd,Shoot on target per 90,0.185,0.366,0.45842007538636587
Newcastle Utd,Shoot on target per 90,0.3,0.3830434782608696,0.40777037636627955
Nott'ham Forest,Shoot on target per 90,0.265,0.4231818181818182,0.4017033537519751
Southampton,Shoot on target per 90,0.14,0.21586206896551724,0.28653742265414617
Tottenham,Shoot on target per 90,0.29,0.40185185185185185,0.39576641359652315
West Ham,Shoot on target per 90,0.23,0.3836,0.40923587330535927
Wolves,Shoot on target per 90,0.23,0.34956521739130436,0.40170634073875816
Arsenal,Goals per shot,0.14,0.13714285714285715,0.1296974501346444
Aston Villa,Goals per shot,0.06,0.08199999999999999,0.08717797887081348
Bournemouth,Goals per shot,0.065,0.06,0.056661506472996934
Brentford,Goals per shot,0.05,0.07833333333333334,0.0867213251472446
Brighton,Goals per shot,0.055,0.07807692307692309,0.08912998286858272
Chelsea,Goals per shot,0.07,0.08347826086956521,0.08855448736908583
Crystal Palace,Goals per shot,0.0,0.05952380952380952,0.08393307991943287
Everton,Goals per shot,0.04,0.07857142857142857,0.10701802251423423
Fulham,Goals per shot,0.025,0.0725,0.09363282150591155
Ipswich Town,Goals per shot,0.065,0.06666666666666667,0.07838958818766613
Leicester City,Goals per shot,0.0,0.05,0.07077798958379512
Liverpool,Goals per shot,0.07500000000000001,0.07555555555555556,0.07039570693980958
Manchester City,Goals per shot,0.10500000000000001,0.13272727272727272,0.21026472697829138
Manchester Utd,Goals per shot,0.02,0.05375,0.06863973370780413
Newcastle Utd,Goals per shot,0.05,0.08476190476190476,0.10740665936612345
Nott'ham Forest,Goals per shot,0.07,0.07849999999999999,0.08099870044441584
Southampton,Goals per shot,0.05,0.0704,0.09650043177796322
Tottenham,Goals per shot,0.055,0.07458333333333333,0.08091751928684067
West Ham,Goals per shot,0.0,0.04695652173913044,0.06182341293839882
Wolves,Goals per shot,0.07,0.0980952380952381,0.11775478961040386
Arsenal,Average shoot distance,15.0,14.642857142857142,4.969262664477641
Aston Villa,Average shoot distance,16.4,16.768,4.458860093491759
Bournemouth,Average shoot distance,16.450000000000003,15.805000000000001,4.375948017587912
Brentford,Average shoot distance,15.3,15.933333333333334,4.311680442158732
Brighton,Average shoot distance,16.5,17.434615384615384,3.873493751918783
Chelsea,Average shoot distance,15.1,15.57391304347826,4.495373115397689
Crystal Palace,Average shoot distance,17.7,18.123809523809523,5.7053400215854575
Everton,Average shoot distance,16.8,16.761904761904763,5.526343835708759
Fulham,Average shoot distance,15.850000000000001,16.89,4.780871975079992
Ipswich Town,Average shoot distance,16.0,16.55,5.289037062025399
Leicester City,Average shoot distance,16.65,17.204545454545453,6.371250701223072
Liverpool,Average shoot distance,14.6,15.488888888888889,4.028850206563668
Manchester City,Average shoot distance,17.85,17.027272727272727,4.8395377404381845
Manchester Utd,Average shoot distance,16.05,15.799999999999999,5.37069342134579
Newcastle Utd,Average shoot distance,15.0,15.638095238095238,3.6399829931575494
Nott'ham Forest,Average shoot distance,18.8,18.77,5.956871308789008
Southampton,Average shoot distance,18.1,17.312,6.087303727157589
Tottenham,Average shoot distance,16.9,16.408333333333335,5.073196116904975
West Ham,Average shoot distance,16.7,17.791304347826088,5.591707581400276
Wolves,Average shoot distance,18.1,18.047619047619047,5.670856994107598
Arsenal,Pass completed,468.5,717.6818181818181,560.3350516698648
Aston Villa,Pass completed,402.5,495.85714285714283,423.98818242491
Bournemouth,Pass completed,436.0,504.7826086956522,408.761205742617
Brentford,Pass completed,489.0,582.2380952380952,445.7851393622161
Brighton,Pass completed,343.0,518.4285714285714,488.05892392979894
Chelsea,Pass completed,411.5,639.4230769230769,590.6630967363324
Crystal Palace,Pass completed,541.0,519.1904761904761,395.3220989329611
Everton,Pass completed,428.5,465.72727272727275,348.0532501429414
Fulham,Pass completed,561.5,603.2727272727273,502.17168206540504
Ipswich Town,Pass completed,226.0,346.0,311.13706925094766
Leicester City,Pass completed,424.0,486.4230769230769,383.1340416174917
Liverpool,Pass completed,681.0,807.1428571428571,634.1773636542293
Manchester City,Pass completed,676.0,793.52,591.8990707882552
Manchester Utd,Pass completed,286.0,512.8666666666667,464.77074313919644
Newcastle Utd,Pass completed,479.0,616.8695652173913,528.14007304776
Nott'ham Forest,Pass completed,475.5,461.3636363636364,337.9058118208943
Southampton,Pass completed,257.0,499.7931034482759,481.21352398392196
Tottenham,Pass completed,703.0,581.1111111111111,373.3527238554132
West Ham,Pass completed,517.0,533.44,408.4354375744919
Wolves,Pass completed,484.0,563.5652173913044,411.40102378523744
Arsenal,Pass completion,82.95,82.32272727272726,6.265698898286022
Aston Villa,Pass completion,81.94999999999999,81.33214285714287,7.0720657347491995
Bournemouth,Pass completion,74.3,73.9304347826087,6.575673818401266
Brentford,Pass completion,77.3,76.69047619047619,7.844291221130482
Brighton,Pass completion,80.55000000000001,79.55714285714285,7.878119185742363
Chelsea,Pass completion,84.25,83.4923076923077,6.275853604215005
Crystal Palace,Pass completion,75.6,74.08095238095238,6.961653470808429
Everton,Pass completion,74.15,75.53181818181818,9.55362740202885
Fulham,Pass completion,81.3,79.68571428571428,8.124363711349073
Ipswich Town,Pass completion,75.7,75.14,8.128986024905164
Leicester City,Pass completion,78.55,78.38461538461539,8.3337718858962
Liverpool,Pass completion,83.8,82.94285714285714,7.545566342467041
Manchester City,Pass completion,87.7,86.50399999999999,6.956800030665439
Manchester Utd,Pass completion,82.6,81.94666666666667,7.597537411072335
Newcastle Utd,Pass completion,81.8,79.71304347826087,6.826839036134985
Nott'ham Forest,Pass completion,76.85,74.21818181818182,8.959572500624086
Southampton,Pass completion,80.2,80.85172413793103,8.16073441590256
Tottenham,Pass completion,84.8,80.47037037037036,8.375964459498416
West Ham,Pass completion,79.9,78.42,7.804966367640543
Wolves,Pass completion,80.4,77.84347826086957,8.718362340327063
Arsenal,Progressive passing distance,7398.0,11757.954545454546,9938.890938785555
Aston Villa,Progressive passing distance,5738.0,8483.57142857143,7921.707599438728
Bournemouth,Progressive passing distance,7088.0,9147.95652173913,7897.391724074364
Brentford,Progressive passing distance,7626.0,10679.142857142857,9438.228193287734
Brighton,Progressive passing distance,4862.0,8828.285714285714,9270.274449000328
Chelsea,Progressive passing distance,6912.0,11106.307692307691,10586.064759935038
Crystal Palace,Progressive passing distance,8735.0,9320.047619047618,7646.46145269948
Everton,Progressive passing distance,7396.5,8801.318181818182,7928.244778946459
Fulham,Progressive passing distance,9158.0,10530.454545454546,9215.51397800404
Ipswich Town,Progressive passing distance,4256.5,6181.133333333333,5623.926489030861
Leicester City,Progressive passing distance,6483.0,8183.423076923077,6619.331338877528
Liverpool,Progressive passing distance,11124.0,13712.952380952382,11314.636509743434
Manchester City,Progressive passing distance,10078.0,12871.28,9746.228939612147
Manchester Utd,Progressive passing distance,3685.5,8413.766666666666,8136.406631598045
Newcastle Utd,Progressive passing distance,6849.0,10418.652173913044,9383.7411206284
Nott'ham Forest,Progressive passing distance,7812.0,7899.772727272727,6284.448764945163
Southampton,Progressive passing distance,4218.0,8476.620689655172,8576.582746116615
Tottenham,Progressive passing distance,10567.0,9644.851851851852,6442.942941423488
West Ham,Progressive passing distance,8610.0,9381.76,7369.592759440646
Wolves,Progressive passing distance,9479.0,9615.91304347826,6491.217324641906
Arsenal,Short pass completion,91.75,90.88636363636364,4.6746831269790174
Aston Villa,Short pass completion,91.45,89.95,5.606841059515304
Bournemouth,Short pass completion,88.0,86.84347826086957,7.089930509145059
Brentford,Short pass completion,87.7,86.79523809523809,7.6692552565732335
Brighton,Short pass completion,90.3,89.22142857142856,6.4840177955097245
Chelsea,Short pass completion,91.55,90.83461538461538,5.665187891513738
Crystal Palace,Short pass completion,84.5,84.29047619047618,6.461880899699773
Everton,Short pass completion,87.35,86.0,8.141252974819045
Fulham,Short pass completion,89.8,88.44761904761906,6.630205053210574
Ipswich Town,Short pass completion,87.0,87.05,7.408557493731895
Leicester City,Short pass completion,90.35,89.30000000000001,7.299534231716433
Liverpool,Short pass completion,91.7,91.29523809523809,5.919837513857637
Manchester City,Short pass completion,94.4,92.12799999999999,6.126072695183
Manchester Utd,Short pass completion,90.9,90.26,4.877859903828657
Newcastle Utd,Short pass completion,88.6,87.73478260869565,7.614078389622749
Nott'ham Forest,Short pass completion,88.05000000000001,86.39090909090909,7.896346900453042
Southampton,Short pass completion,90.9,89.59655172413794,7.081892541576959
Tottenham,Short pass completion,91.0,89.21111111111111,6.897509769883698
West Ham,Short pass completion,89.7,88.676,6.967859546996236
Wolves,Short pass completion,90.4,88.33043478260869,6.924688032527248
Arsenal,Medium pass completion,86.3,84.95454545454545,7.859463647805034
Aston Villa,Medium pass completion,86.45,86.05714285714285,8.462659969336697
Bournemouth,Medium pass completion,78.3,81.62173913043478,10.801807783116638
Brentford,Medium pass completion,79.9,82.28571428571429,9.731355800415773
Brighton,Medium pass completion,82.1,81.31785714285715,10.591962486346397
Chelsea,Medium pass completion,89.9,88.03461538461539,7.142993339360875
Crystal Palace,Medium pass completion,81.1,79.82380952380952,10.531709489057546
Everton,Medium pass completion,83.19999999999999,80.83181818181818,12.658495598708042
Fulham,Medium pass completion,83.8,83.9,9.062229306302065
Ipswich Town,Medium pass completion,84.6,82.00333333333333,10.852092864522945
Leicester City,Medium pass completion,83.0,84.11923076923077,9.495262786495978
Liverpool,Medium pass completion,88.3,86.79047619047618,9.57365681241524
Manchester City,Medium pass completion,91.9,89.516,7.833990043394236
Manchester Utd,Medium pass completion,86.55,84.87333333333332,8.86391107470229
Newcastle Utd,Medium pass completion,86.8,85.29565217391304,11.200262913345526
Nott'ham Forest,Medium pass completion,81.65,78.1590909090909,12.065048263906348
Southampton,Medium pass completion,89.5,85.36206896551724,10.849009625408982
Tottenham,Medium pass completion,89.8,84.44074074074075,11.116178758882485
West Ham,Medium pass completion,85.6,83.25200000000001,10.62470078010043
Wolves,Medium pass completion,86.5,84.84347826086957,9.379563184583642
Arsenal,Long pass completion,53.349999999999994,55.31818181818182,9.762495600322717
Aston Villa,Long pass completion,53.9,54.98571428571428,14.953476352556121
Bournemouth,Long pass completion,47.8,46.660869565217396,17.887546178847316
Brentford,Long pass completion,55.0,54.84285714285714,13.492574677524352
Brighton,Long pass completion,52.55,55.91428571428571,13.157358574428404
Chelsea,Long pass completion,57.0,56.473076923076924,17.845011800328017
Crystal Palace,Long pass completion,46.7,49.957142857142856,18.586623454209516
Everton,Long pass completion,59.0,59.23181818181818,17.516207090078346
Fulham,Long pass completion,56.4,58.38571428571428,13.69982794469645
Ipswich Town,Long pass completion,50.0,49.11785714285714,13.689738075340545
Leicester City,Long pass completion,54.1,57.4076923076923,19.48658868200226
Liverpool,Long pass completion,60.8,60.27619047619047,15.250308349731972
Manchester City,Long pass completion,64.3,59.776,12.408843620579638
Manchester Utd,Long pass completion,54.85,57.906666666666666,18.43607657665345
Newcastle Utd,Long pass completion,52.3,54.26190476190476,12.648931820137074
Nott'ham Forest,Long pass completion,47.3,45.92727272727273,15.69519737942855
Southampton,Long pass completion,55.25,53.69642857142857,17.126943947905854
Tottenham,Long pass completion,55.6,54.42962962962962,14.817604260183089
West Ham,Long pass completion,53.7,54.144,15.906159184416584
Wolves,Long pass completion,56.0,52.45217391304348,15.721781924370731
Arsenal,Key passes,10.0,17.5,17.781076082922166
Aston Villa,Key passes,6.5,12.178571428571429,14.946952052554918
Bournemouth,Key passes,11.0,17.782608695652176,16.55831711293899
Brentford,Key passes,9.0,14.523809523809524,17.53744293681108
Brighton,Key passes,11.5,12.035714285714286,10.01658677304852
Chelsea,Key passes,6.5,16.884615384615383,21.79968242535092
Crystal Palace,Key passes,9.0,16.142857142857142,16.227401869324968
Everton,Key passes,8.0,11.863636363636363,10.08674497756458
Fulham,Key passes,9.5,15.727272727272727,17.414230136741942
Ipswich Town,Key passes,4.0,8.133333333333333,11.147083531774928
Leicester City,Key passes,6.0,8.538461538461538,9.403109142111536
Liverpool,Key passes,12.0,22.428571428571427,22.809146035245224
Manchester City,Key passes,9.0,17.24,16.845573107891976
Manchester Utd,Key passes,6.0,12.2,17.307363392100104
Newcastle Utd,Key passes,8.0,15.826086956521738,16.58765196248277
Nott'ham Forest,Key passes,12.5,14.636363636363637,14.955634245026044
Southampton,Key passes,5.0,8.827586206896552,9.449372486789198
Tottenham,Key passes,7.0,13.518518518518519,17.690437161120887
West Ham,Key passes,9.0,12.2,12.382783747337808
Wolves,Key passes,10.0,12.391304347826088,12.478123148625075
Arsenal,Pass in to final third,40.5,58.09090909090909,52.91854395551993
Aston Villa,Pass in to final third,23.5,38.392857142857146,46.64312047698661
Bournemouth,Pass in to final third,37.0,48.21739130434783,47.725499684739844
Brentford,Pass in to final third,42.0,48.095238095238095,40.919316663288456
Brighton,Pass in to final third,23.0,38.642857142857146,48.632571226771304
Chelsea,Pass in to final third,26.5,53.15384615384615,58.83923337888917
Crystal Palace,Pass in to final third,27.0,38.714285714285715,32.31120990792956
Everton,Pass in to final third,36.5,41.36363636363637,35.43679209192381
Fulham,Pass in to final third,39.5,48.59090909090909,42.014350259234384
Ipswich Town,Pass in to final third,18.0,26.066666666666666,29.010026011629193
Leicester City,Pass in to final third,24.0,33.96153846153846,32.362300003838754
Liverpool,Pass in to final third,41.0,69.57142857142857,71.30748307756447
Manchester City,Pass in to final third,42.0,62.0,64.94548996402034
Manchester Utd,Pass in to final third,18.0,33.93333333333333,39.777773496864
Newcastle Utd,Pass in to final third,26.0,45.608695652173914,48.60764916463511
Nott'ham Forest,Pass in to final third,32.5,41.90909090909091,38.21855581596469
Southampton,Pass in to final third,13.0,32.241379310344826,39.48386213958974
Tottenham,Pass in to final third,39.0,45.111111111111114,39.490342863631604
West Ham,Pass in to final third,37.0,39.32,33.53445988829998
Wolves,Pass in to final third,26.0,39.26086956521739,33.25414176706462
Arsenal,Pass in to penalty are,9.0,18.272727272727273,18.49371017447056
Aston Villa,Pass in to penalty are,7.5,10.75,12.70935788219758
Bournemouth,Pass in to penalty are,7.0,13.217391304347826,13.869379358661526
Brentford,Pass in to penalty are,7.0,14.0,18.700267377767624
Brighton,Pass in to penalty are,7.5,11.035714285714286,10.450880320379689
Chelsea,Pass in to penalty are,4.0,12.807692307692308,17.11611925821792
Crystal Palace,Pass in to penalty are,4.0,11.952380952380953,12.749416419884444
Everton,Pass in to penalty are,8.0,10.090909090909092,10.290583263163654
Fulham,Pass in to penalty are,6.0,12.954545454545455,19.24399046017143
Ipswich Town,Pass in to penalty are,3.5,4.866666666666666,5.992715884985781
Leicester City,Pass in to penalty are,4.5,7.230769230769231,8.529045397030982
Liverpool,Pass in to penalty are,8.0,19.047619047619047,23.236772991265788
Manchester City,Pass in to penalty are,11.0,15.88,16.20267467632016
Manchester Utd,Pass in to penalty are,5.0,9.933333333333334,14.694435572066359
Newcastle Utd,Pass in to penalty are,8.0,15.478260869565217,18.7734570004311
Nott'ham Forest,Pass in to penalty are,7.0,10.045454545454545,10.643474516507744
Southampton,Pass in to penalty are,5.0,7.0,7.764387566686396
Tottenham,Pass in to penalty are,8.0,13.37037037037037,16.63903692698438
West Ham,Pass in to penalty are,4.0,10.0,12.69514342836136
Wolves,Pass in to penalty are,4.0,10.826086956521738,12.68016408666789
Arsenal,CrsPA,1.5,3.0,3.625307868699863
Aston Villa,CrsPA,0.0,2.0714285714285716,3.877079575111405
Bournemouth,CrsPA,2.0,4.043478260869565,5.530726245831023
Brentford,CrsPA,2.0,3.9047619047619047,5.271667306505238
Brighton,CrsPA,1.0,2.857142857142857,3.8172540616821116
Chelsea,CrsPA,0.0,2.769230769230769,5.472167338871809
Crystal Palace,CrsPA,1.0,3.0476190476190474,4.375799246722711
Everton,CrsPA,1.0,3.727272727272727,5.391190505346205
Fulham,CrsPA,1.0,4.2272727272727275,7.322059417442206
Ipswich Town,CrsPA,0.0,1.4,2.835732587947042
Leicester City,CrsPA,0.5,2.1923076923076925,3.9295723000777656
Liverpool,CrsPA,1.0,3.7142857142857144,5.959386353835915
Manchester City,CrsPA,1.0,2.32,3.171750305430741
Manchester Utd,CrsPA,1.0,2.2,2.9290459786127605
Newcastle Utd,CrsPA,0.0,2.8260869565217392,4.657859183564167
Nott'ham Forest,CrsPA,1.0,2.590909090909091,3.5275661501555065
Southampton,CrsPA,1.0,1.8620689655172413,2.6011554840525677
Tottenham,CrsPA,1.0,3.037037037037037,5.117702921319602
West Ham,CrsPA,1.0,2.6,3.5823642100341124
Wolves,CrsPA,1.0,2.782608695652174,3.4896798725167066
Arsenal,PrgP_y,56.5,77.0,62.4431169717116
Aston Villa,PrgP_y,34.0,44.464285714285715,48.031226064391454
Bournemouth,PrgP_y,43.0,58.47826086956522,52.052307227893714
Brentford,PrgP_y,52.0,58.285714285714285,54.4941674467487
Brighton,PrgP_y,40.0,50.07142857142857,50.019202661784156
Chelsea,PrgP_y,33.0,57.42307692307692,63.04485582625949
Crystal Palace,PrgP_y,47.0,50.142857142857146,39.5047917527554
Everton,PrgP_y,38.5,42.09090909090909,36.277907603479285
Fulham,PrgP_y,49.0,59.13636363636363,51.724817157305736
Ipswich Town,PrgP_y,20.0,27.466666666666665,25.937236357890125
Leicester City,PrgP_y,30.0,37.42307692307692,35.780635071974984
Liverpool,PrgP_y,71.0,83.95238095238095,68.39990949590225
Manchester City,PrgP_y,64.0,70.28,60.42179518462964
Manchester Utd,PrgP_y,22.0,43.2,55.750923913791596
Newcastle Utd,PrgP_y,59.0,63.17391304347826,62.65029360296366
Nott'ham Forest,PrgP_y,41.5,47.36363636363637,43.334299023538755
Southampton,PrgP_y,24.0,36.44827586206897,39.45755966577666
Tottenham,PrgP_y,49.0,56.925925925925924,47.133138698083364
West Ham,PrgP_y,31.0,45.0,41.31182235954577
Wolves,PrgP_y,31.0,45.91304347826087,41.09845500688036
Arsenal,SCA,2.24,2.4499999999999997,1.4035600993120858
Aston Villa,SCA,1.825,2.007857142857143,1.2171197243001293
Bournemouth,SCA,2.35,2.5721739130434784,1.868110266654366
Brentford,SCA,1.72,1.8747619047619046,1.1583161012764134
Brighton,SCA,2.8099999999999996,2.4725,1.184919515941593
Chelsea,SCA,1.72,2.3473076923076923,1.6541283086684844
Crystal Palace,SCA,2.0,2.206666666666667,1.5029781546427523
Everton,SCA,1.76,2.106818181818182,1.819236852988837
Fulham,SCA,1.995,2.2736363636363635,1.6764547213988314
Ipswich Town,SCA,1.35,1.5076666666666665,1.2285193873348
Leicester City,SCA,1.325,1.4434615384615386,1.128333079574262
Liverpool,SCA,2.54,2.6233333333333335,1.506068834194949
Manchester City,SCA,2.08,2.3836,1.746314881877454
Manchester Utd,SCA,1.83,2.1653333333333333,1.4409856141647925
Newcastle Utd,SCA,1.89,2.063913043478261,1.3870922468191402
Nott'ham Forest,SCA,1.755,1.9177272727272727,1.2906880107622993
Southampton,SCA,1.37,1.4058620689655172,0.8520585042010207
Tottenham,SCA,1.57,1.9548148148148148,1.5125789753580328
West Ham,SCA,2.31,2.1908,1.4840426768346882
Wolves,SCA,1.71,1.7804347826086957,1.060662221362714
Arsenal,SCA90,21.0,29.954545454545453,24.27123963857375
Aston Villa,SCA90,15.5,20.607142857142858,20.962646294839296
Bournemouth,SCA90,25.0,30.91304347826087,26.362702723007367
Brentford,SCA90,19.0,25.047619047619047,25.652438851844458
Brighton,SCA90,18.5,22.321428571428573,17.469663804411162
Chelsea,SCA90,12.0,30.076923076923077,35.14646278295792
Crystal Palace,SCA90,21.0,27.095238095238095,24.408819639435176
Everton,SCA90,15.5,21.363636363636363,15.425845518373052
Fulham,SCA90,22.5,27.454545454545453,26.211097745452115
Ipswich Town,SCA90,11.5,13.066666666666666,13.051445509408431
Leicester City,SCA90,9.0,14.5,13.588966112254457
Liverpool,SCA90,25.0,38.80952380952381,33.83728571800499
Manchester City,SCA90,30.0,31.2,25.2487623459052
Manchester Utd,SCA90,12.0,21.466666666666665,26.12269898572601
Newcastle Utd,SCA90,23.0,28.391304347826086,28.717652364221085
Nott'ham Forest,SCA90,18.5,24.318181818181817,23.550121551877922
Southampton,SCA90,11.0,14.03448275862069,12.807594729636813
Tottenham,SCA90,14.0,23.333333333333332,26.173974155197048
West Ham,SCA90,14.0,21.4,22.181073012818832
Wolves,SCA90,18.0,21.304347826086957,16.97976009737555
Arsenal,GCA,0.24,0.2922727272727273,0.299474648234312
Aston Villa,GCA,0.15500000000000003,0.2125,0.1978331695216021
Bournemouth,GCA,0.21,0.22826086956521738,0.2068739663289319
Brentford,GCA,0.2,0.27904761904761904,0.2717150117660922
Brighton,GCA,0.3,0.31607142857142856,0.27159800476158913
Chelsea,GCA,0.185,0.24115384615384616,0.24724606242489564
Crystal Palace,GCA,0.15,0.17285714285714285,0.16604646509766047
Everton,GCA,0.1,0.15181818181818182,0.1480552137560387
Fulham,GCA,0.16999999999999998,0.2168181818181818,0.20647578812599576
Ipswich Town,GCA,0.11,0.14133333333333334,0.1605106792737466
Leicester City,GCA,0.065,0.11923076923076924,0.14485642759430667
Liverpool,GCA,0.32,0.32857142857142857,0.2381866015183414
Manchester City,GCA,0.26,0.2756,0.2381015189647755
Manchester Utd,GCA,0.015,0.117,0.20710067516831618
Newcastle Utd,GCA,0.23,0.2217391304347826,0.21126571321685794
Nott'ham Forest,GCA,0.125,0.19545454545454544,0.214935810411859
Southampton,GCA,0.06,0.10758620689655173,0.1402715522634017
Tottenham,GCA,0.19,0.24962962962962965,0.24832487222435487
West Ham,GCA,0.1,0.1344,0.1664351725647757
Wolves,GCA,0.18,0.2526086956521739,0.2399662360966708
Arsenal,GCA90,2.5,3.590909090909091,3.762712938560243
Aston Villa,GCA90,1.5,2.6785714285714284,3.1862385978009247
Bournemouth,GCA90,2.0,2.608695652173913,2.903589165072375
Brentford,GCA90,2.0,3.4761904761904763,3.9701265423037544
Brighton,GCA90,2.0,2.5714285714285716,1.970684623068309
Chelsea,GCA90,1.0,2.8076923076923075,3.7204218123135524
Crystal Palace,GCA90,2.0,2.3333333333333335,2.614064523559687
Everton,GCA90,1.0,1.5454545454545454,1.471224715841249
Fulham,GCA90,2.0,3.1818181818181817,3.7114541321282384
Ipswich Town,GCA90,1.0,1.4666666666666666,1.6553639735893346
Leicester City,GCA90,0.5,1.2307692307692308,1.6566880770426835
Liverpool,GCA90,3.0,5.0,4.919349550499537
Manchester City,GCA90,2.0,3.52,3.4655446902326914
Manchester Utd,GCA90,0.0,1.4,2.2833731853221617
Newcastle Utd,GCA90,2.0,3.9565217391304346,4.704719688969647
Nott'ham Forest,GCA90,2.0,2.5,3.3345235970146647
Southampton,GCA90,0.0,0.7931034482758621,1.2065094382683221
Tottenham,GCA90,2.0,2.8518518518518516,3.3821215884037104
West Ham,GCA90,0.0,1.4,2.362907813126304
Wolves,GCA90,2.0,3.217391304347826,3.118223878765405
Arsenal,Tkl,19.5,24.636363636363637,20.726209435778593
Aston Villa,Tkl,10.0,21.285714285714285,20.62155855527601
Bournemouth,Tkl,21.0,27.956521739130434,23.43361660844904
Brentford,Tkl,25.0,27.523809523809526,22.234250712850763
Brighton,Tkl,16.5,23.0,19.43841176258626
Chelsea,Tkl,12.5,21.153846153846153,23.761636825256474
Crystal Palace,Tkl,21.0,33.142857142857146,29.935406652133047
Everton,Tkl,26.0,30.363636363636363,28.698009644847453
Fulham,Tkl,21.5,26.863636363636363,24.04023503281323
Ipswich Town,Tkl,11.5,18.3,16.617709705674514
Leicester City,Tkl,20.5,24.96153846153846,22.827143087527652
Liverpool,Tkl,26.0,28.476190476190474,23.93244460480176
Manchester City,Tkl,15.0,18.44,17.05891751157343
Manchester Utd,Tkl,13.0,25.1,27.822528703341757
Newcastle Utd,Tkl,22.0,24.434782608695652,22.0223565887786
Nott'ham Forest,Tkl,20.5,29.227272727272727,25.545350556704737
Southampton,Tkl,13.0,20.413793103448278,19.72945086734787
Tottenham,Tkl,14.0,22.85185185185185,20.776657952363646
West Ham,Tkl,17.0,23.6,20.816659994661325
Wolves,Tkl,21.0,32.08695652173913,28.195604176212647
Arsenal,TklW,12.0,14.681818181818182,12.63549936313734
Aston Villa,TklW,6.0,12.214285714285714,12.57674851361047
Bournemouth,TklW,10.0,16.130434782608695,14.50800515021742
Brentford,TklW,17.0,16.523809523809526,12.890380318745635
Brighton,TklW,10.0,14.035714285714286,11.920981014991524
Chelsea,TklW,9.0,13.423076923076923,14.683795359301563
Crystal Palace,TklW,14.0,19.61904761904762,18.89305742985023
Everton,TklW,14.5,17.818181818181817,17.275461164367176
Fulham,TklW,12.0,16.227272727272727,15.086833800123673
Ipswich Town,TklW,8.0,10.433333333333334,9.507468328792292
Leicester City,TklW,11.0,14.576923076923077,13.848243432069141
Liverpool,TklW,16.0,17.61904761904762,14.667911202608877
Manchester City,TklW,7.0,11.2,10.889597482613091
Manchester Utd,TklW,8.5,15.133333333333333,17.010611968422236
Newcastle Utd,TklW,15.0,14.956521739130435,13.692991773729181
Nott'ham Forest,TklW,13.0,17.727272727272727,15.694044421468622
Southampton,TklW,7.0,11.827586206896552,11.313926202179966
Tottenham,TklW,9.0,14.481481481481481,14.00101746404489
West Ham,TklW,11.0,14.0,12.328828005937952
Wolves,TklW,13.0,18.91304347826087,17.580756637658382
Arsenal,Att,21.0,21.363636363636363,14.85660172174696
Aston Villa,Att,10.5,18.321428571428573,18.965960876203237
Bournemouth,Att,25.0,25.608695652173914,21.31098549496945
Brentford,Att,26.0,25.476190476190474,20.60247326807888
Brighton,Att,18.0,22.928571428571427,18.674459824462115
Chelsea,Att,12.0,19.846153846153847,22.543632906330437
Crystal Palace,Att,23.0,28.333333333333332,22.050699157471932
Everton,Att,23.5,26.90909090909091,22.913728658578485
Fulham,Att,16.5,22.363636363636363,21.524173463574467
Ipswich Town,Att,10.5,18.433333333333334,16.94348279414248
Leicester City,Att,17.5,23.923076923076923,22.22057258834358
Liverpool,Att,20.0,28.952380952380953,28.308083987575337
Manchester City,Att,13.0,16.88,15.738276059763768
Manchester Utd,Att,10.0,22.033333333333335,24.512464574991842
Newcastle Utd,Att,27.0,24.0,22.207697273283834
Nott'ham Forest,Att,18.5,28.045454545454547,26.79814718671223
Southampton,Att,13.0,18.24137931034483,14.495455377496262
Tottenham,Att,14.0,20.666666666666668,17.761236963160492
West Ham,Att,21.0,19.68,15.691611347043576
Wolves,Att,19.0,26.82608695652174,23.596325164415372
Arsenal,Lost_x,11.0,10.636363636363637,7.575307345928704
Aston Villa,Lost_x,6.0,8.107142857142858,8.161968198156917
Bournemouth,Lost_x,13.0,13.565217391304348,10.710343712999732
Brentford,Lost_x,11.0,11.857142857142858,10.518011762142665
Brighton,Lost_x,9.0,11.714285714285714,9.184758481298697
Chelsea,Lost_x,6.5,10.038461538461538,11.998269105936137
Crystal Palace,Lost_x,15.0,14.142857142857142,9.90598664589103
Everton,Lost_x,8.5,12.954545454545455,11.610657143648645
Fulham,Lost_x,8.5,11.045454545454545,11.627050859453211
Ipswich Town,Lost_x,6.0,9.633333333333333,9.535716284447187
Leicester City,Lost_x,9.5,12.307692307692308,12.128542305715822
Liverpool,Lost_x,9.0,13.761904761904763,14.320980280360565
Manchester City,Lost_x,6.0,8.84,8.547319267856247
Manchester Utd,Lost_x,5.0,9.933333333333334,12.224715872400452
Newcastle Utd,Lost_x,9.0,11.608695652173912,10.760783726251637
Nott'ham Forest,Lost_x,8.5,14.090909090909092,14.121611573043404
Southampton,Lost_x,10.0,9.379310344827585,7.017395696733368
Tottenham,Lost_x,9.0,10.25925925925926,8.600503529948755
West Ham,Lost_x,8.0,9.24,7.742092740338364
Wolves,Lost_x,8.0,12.217391304347826,13.300569098347669
Arsenal,Blocks,10.0,13.681818181818182,11.16707048439577
Aston Villa,Blocks,10.0,11.071428571428571,9.005876975942993
Bournemouth,Blocks,16.0,18.82608695652174,16.694180188733828
Brentford,Blocks,17.0,21.19047619047619,19.307042879786245
Brighton,Blocks,12.0,14.428571428571429,12.257812539518143
Chelsea,Blocks,9.0,13.192307692307692,13.80440286508397
Crystal Palace,Blocks,19.0,21.047619047619047,18.017980437541247
Everton,Blocks,13.0,16.09090909090909,14.595854241494777
Fulham,Blocks,12.0,13.454545454545455,11.337788785537263
Ipswich Town,Blocks,8.0,13.233333333333333,14.03611925277642
Leicester City,Blocks,15.0,17.115384615384617,14.425884854876454
Liverpool,Blocks,9.0,15.952380952380953,14.796878692738515
Manchester City,Blocks,11.0,12.44,9.600694419328912
Manchester Utd,Blocks,8.0,11.6,11.18064830641426
Newcastle Utd,Blocks,17.0,17.130434782608695,14.194443047852747
Nott'ham Forest,Blocks,11.0,18.40909090909091,17.922210458133442
Southampton,Blocks,8.0,13.379310344827585,14.915030274150226
Tottenham,Blocks,15.0,15.148148148148149,12.249658405609972
West Ham,Blocks,14.0,16.64,13.409822270758598
Wolves,Blocks,16.0,18.043478260869566,12.607639317888202
Arsenal,Sh,1.5,4.409090909090909,6.835893301495952
Aston Villa,Sh,2.5,3.607142857142857,4.314826168888484
Bournemouth,Sh,3.0,5.739130434782608,7.2627154407372
Brentford,Sh,4.0,8.714285714285714,12.94273099906993
Brighton,Sh,2.0,4.0,5.4501104304136545
Chelsea,Sh,1.5,4.0,5.71314274283428
Crystal Palace,Sh,3.0,6.142857142857143,6.908586789537454
Everton,Sh,3.0,5.818181818181818,9.414458807177109
Fulham,Sh,2.0,3.409090909090909,4.17086368706817
Ipswich Town,Sh,2.0,5.733333333333333,9.64520010458421
Leicester City,Sh,4.0,6.769230769230769,8.199061860031023
Liverpool,Sh,2.0,4.190476190476191,4.718252299517774
Manchester City,Sh,1.0,3.28,4.817675788178362
Manchester Utd,Sh,1.0,3.2666666666666666,4.784553691096852
Newcastle Utd,Sh,3.0,5.6521739130434785,7.189693985472754
Nott'ham Forest,Sh,3.5,6.863636363636363,10.044166535122832
Southampton,Sh,2.0,5.896551724137931,9.135272408113693
Tottenham,Sh,5.0,5.2592592592592595,5.230035980112981
West Ham,Sh,4.0,6.28,8.228608630868283
Wolves,Sh,4.0,5.869565217391305,6.047571622531168
Arsenal,Pass,7.5,9.272727272727273,7.88719165532271
Aston Villa,Pass,6.0,7.464285714285714,6.2862704179183835
Bournemouth,Pass,8.0,13.08695652173913,12.641608943478749
Brentford,Pass,13.0,12.476190476190476,10.385658609924782
Brighton,Pass,9.5,10.428571428571429,9.953330250161656
Chelsea,Pass,6.5,9.192307692307692,10.00007692278107
Crystal Palace,Pass,13.0,14.904761904761905,12.891488517253396
Everton,Pass,7.5,10.272727272727273,8.800334507613188
Fulham,Pass,10.0,10.045454545454545,8.638106454361576
Ipswich Town,Pass,5.5,7.5,7.564663768538194
Leicester City,Pass,7.5,10.346153846153847,8.849597991738642
Liverpool,Pass,9.0,11.761904761904763,12.879847677301008
Manchester City,Pass,9.0,9.16,7.098591409568521
Manchester Utd,Pass,6.0,8.333333333333334,8.667550794867555
Newcastle Utd,Pass,9.0,11.478260869565217,10.290638133837037
Nott'ham Forest,Pass,8.5,11.545454545454545,10.486850145492971
Southampton,Pass,5.0,7.482758620689655,8.00277045624635
Tottenham,Pass,9.0,9.88888888888889,9.328753455078605
West Ham,Pass,9.0,10.36,8.040936927166303
Wolves,Pass,10.0,12.173913043478262,10.443145528888765
Arsenal,Int,6.0,9.636363636363637,8.866982385421583
Aston Villa,Int,5.0,8.178571428571429,8.304633117539343
Bournemouth,Int,10.0,14.391304347826088,15.622650020911603
Brentford,Int,8.0,12.761904761904763,12.3000193573212
Brighton,Int,8.5,10.428571428571429,9.871127262838495
Chelsea,Int,7.5,10.423076923076923,11.5348968852715
Crystal Palace,Int,11.0,14.238095238095237,14.48414568383224
Everton,Int,9.5,13.727272727272727,13.169885627669187
Fulham,Int,6.5,11.136363636363637,13.56218641786421
Ipswich Town,Int,5.0,9.433333333333334,9.518342848138673
Leicester City,Int,7.5,11.307692307692308,12.128542305715824
Liverpool,Int,7.0,13.095238095238095,15.952757635922266
Manchester City,Int,5.0,8.2,8.582928793055823
Manchester Utd,Int,5.0,11.466666666666667,12.721779677424049
Newcastle Utd,Int,6.0,11.043478260869565,11.845514152353068
Nott'ham Forest,Int,11.0,13.5,11.342083456881152
Southampton,Int,5.0,9.620689655172415,12.263225493620721
Tottenham,Int,10.0,10.777777777777779,10.82494744465243
West Ham,Int,8.0,12.24,14.774076395272001
Wolves,Int,9.0,12.08695652173913,9.82997754310882
Arsenal,Touches,771.5,1008.9545454545455,673.6841479275218
Aston Villa,Touches,655.0,729.0714285714286,569.1939022975373
Bournemouth,Touches,783.0,852.4782608695652,626.5489801331806
Brentford,Touches,804.0,937.047619047619,669.6892171888746
Brighton,Touches,644.5,779.5357142857143,624.3702298015448
Chelsea,Touches,721.5,897.6153846153846,768.3955271563248
Crystal Palace,Touches,871.0,888.3333333333334,626.8676362146425
Everton,Touches,746.5,795.2727272727273,527.8736484657941
Fulham,Touches,911.0,894.2272727272727,688.0476126809955
Ipswich Town,Touches,438.5,577.5666666666667,469.3950386389385
Leicester City,Touches,724.0,749.6538461538462,544.4382016212818
Liverpool,Touches,860.0,1139.4285714285713,817.5648947593439
Manchester City,Touches,892.0,1033.8,699.0405925266429
Manchester Utd,Touches,517.0,756.2666666666667,662.1173421023221
Newcastle Utd,Touches,773.0,923.6521739130435,736.155221323209
Nott'ham Forest,Touches,849.0,808.0454545454545,557.3830415238294
Southampton,Touches,457.0,726.7931034482758,636.273378987273
Tottenham,Touches,892.0,847.925925925926,515.9538534766253
West Ham,Touches,668.0,830.56,599.2430697694106
Wolves,Touches,756.0,875.8260869565217,572.2617529015828
Arsenal,Def pen,25.0,75.81818181818181,170.01334299559193
Aston Villa,Def pen,30.0,87.0,191.6049175894096
Bournemouth,Def pen,44.0,90.26086956521739,153.4657845761495
Brentford,Def pen,52.0,145.57142857142858,290.90867491853373
Brighton,Def pen,23.5,85.53571428571429,197.27635854357118
Chelsea,Def pen,25.5,85.5,179.36471224853568
Crystal Palace,Def pen,30.0,110.66666666666667,217.51973090580387
Everton,Def pen,31.0,101.04545454545455,218.04182151765272
Fulham,Def pen,21.5,96.13636363636364,234.0906001763187
Ipswich Town,Def pen,28.0,93.36666666666666,134.12410190806006
Leicester City,Def pen,34.0,100.76923076923077,167.91838676983713
Liverpool,Def pen,32.0,102.33333333333333,159.90288719511392
Manchester City,Def pen,39.0,78.52,139.2913971978648
Manchester Utd,Def pen,22.5,79.2,182.86897514057856
Newcastle Utd,Def pen,26.0,91.73913043478261,145.62130756654847
Nott'ham Forest,Def pen,35.0,105.54545454545455,176.7087265133616
Southampton,Def pen,42.0,93.65517241379311,170.63940171812376
Tottenham,Def pen,60.0,86.33333333333333,119.4033242676009
West Ham,Def pen,39.0,107.88,177.8879141482074
Wolves,Def pen,59.0,103.43478260869566,151.45261067618614
Arsenal,Def 3rd,125.0,254.45454545454547,337.02631341000057
Aston Villa,Def 3rd,133.0,243.71428571428572,299.67338481443016
Bournemouth,Def 3rd,159.0,257.30434782608694,280.4485748975297
Brentford,Def 3rd,232.0,366.4761904761905,421.0808258574141
Brighton,Def 3rd,121.5,248.17857142857142,327.6086253071817
Chelsea,Def 3rd,134.0,271.03846153846155,334.25229761594534
Crystal Palace,Def 3rd,181.0,330.5238095238095,366.73745637003304
Everton,Def 3rd,170.0,286.5,362.2044608071129
Fulham,Def 3rd,131.0,286.04545454545456,365.6715254188717
Ipswich Town,Def 3rd,127.5,238.03333333333333,254.22084932177583
Leicester City,Def 3rd,149.0,280.53846153846155,287.74964545857995
Liverpool,Def 3rd,187.0,314.6190476190476,329.93703584024576
Manchester City,Def 3rd,197.0,241.56,242.91049105929258
Manchester Utd,Def 3rd,126.5,265.8333333333333,314.013736063857
Newcastle Utd,Def 3rd,122.0,301.7391304347826,343.4360093090394
Nott'ham Forest,Def 3rd,158.5,275.5,289.04815054473767
Southampton,Def 3rd,161.0,265.3448275862069,322.22610471775306
Tottenham,Def 3rd,228.0,275.18518518518516,231.3053321805546
West Ham,Def 3rd,196.0,304.12,314.9534780460971
Wolves,Def 3rd,304.0,311.0869565217391,256.91189028067373
Arsenal,Mid 3rd,296.0,439.0,390.8871472749672
Aston Villa,Mid 3rd,244.0,313.39285714285717,297.7817171321991
Bournemouth,Mid 3rd,316.0,365.95652173913044,322.8818357261635
Brentford,Mid 3rd,348.0,349.04761904761904,279.643787020287
Brighton,Mid 3rd,229.0,340.2142857142857,328.04249466628295
Chelsea,Mid 3rd,267.5,403.6923076923077,413.2272758887795
Crystal Palace,Mid 3rd,377.0,369.23809523809524,273.5370001959341
Everton,Mid 3rd,301.5,321.77272727272725,242.09087861068517
Fulham,Mid 3rd,343.0,367.5,317.76912103870995
Ipswich Town,Mid 3rd,163.0,227.7,214.88427519047997
Leicester City,Mid 3rd,318.0,340.1923076923077,286.5872319878566
Liverpool,Mid 3rd,307.0,513.4761904761905,469.2663016931451
Manchester City,Mid 3rd,331.0,447.28,395.86745677478126
Manchester Utd,Mid 3rd,206.0,319.6,307.20975649018476
Newcastle Utd,Mid 3rd,232.0,387.82608695652175,354.65753675827426
Nott'ham Forest,Mid 3rd,307.0,328.04545454545456,263.1925743041228
Southampton,Mid 3rd,198.0,313.41379310344826,308.40204710750305
Tottenham,Mid 3rd,393.0,358.7037037037037,259.8235813918618
West Ham,Mid 3rd,366.0,355.88,288.75109235002617
Wolves,Mid 3rd,329.0,393.6521739130435,316.27600269609917
Arsenal,Att 3rd,225.0,323.09090909090907,237.0239909679446
Aston Villa,Att 3rd,117.5,179.21428571428572,170.16252735042963
Bournemouth,Att 3rd,133.0,239.7391304347826,238.20430829462043
Brentford,Att 3rd,160.0,230.04761904761904,234.9209390817422
Brighton,Att 3rd,149.0,200.07142857142858,179.14135295521342
Chelsea,Att 3rd,92.5,230.73076923076923,259.33940042998603
Crystal Palace,Att 3rd,146.0,197.0952380952381,188.12519893993596
Everton,Att 3rd,180.5,195.27272727272728,149.62084837481126
Fulham,Att 3rd,201.0,250.5,237.41319215562518
Ipswich Town,Att 3rd,96.5,118.3,122.78187836636322
Leicester City,Att 3rd,96.5,135.5,134.74487003222052
Liverpool,Att 3rd,218.0,321.23809523809524,285.0820767361401
Manchester City,Att 3rd,324.0,353.4,278.85524918853514
Manchester Utd,Att 3rd,78.0,177.86666666666667,219.1376096292532
Newcastle Utd,Att 3rd,133.0,243.1304347826087,228.0706239000674
Nott'ham Forest,Att 3rd,140.0,214.36363636363637,205.1588340436433
Southampton,Att 3rd,131.0,154.3448275862069,149.2857461050712
Tottenham,Att 3rd,168.0,222.33333333333334,227.99089050627913
West Ham,Att 3rd,118.0,178.52,184.7340701296506
Wolves,Att 3rd,124.0,181.7391304347826,186.292345373244
Arsenal,Att pen,38.5,53.77272727272727,50.36148549019599
Aston Villa,Att pen,20.5,31.678571428571427,37.60422904844669
Bournemouth,Att pen,19.0,39.52173913043478,48.0821924749858
Brentford,Att pen,24.0,43.0,47.19110085598767
Brighton,Att pen,15.0,34.464285714285715,42.063868671569516
Chelsea,Att pen,13.5,41.11538461538461,51.825342775963904
Crystal Palace,Att pen,18.0,34.42857142857143,36.30643390443549
Everton,Att pen,19.0,29.5,26.536138880151096
Fulham,Att pen,25.5,36.54545454545455,39.66733965742895
Ipswich Town,Att pen,11.5,17.633333333333333,21.39365573592149
Leicester City,Att pen,12.5,20.576923076923077,24.351054312982964
Liverpool,Att pen,44.0,57.38095238095238,73.48841826470087
Manchester City,Att pen,22.0,48.52,51.75995878411548
Manchester Utd,Att pen,17.0,29.033333333333335,37.52836475147219
Newcastle Utd,Att pen,33.0,43.0,46.88768010314165
Nott'ham Forest,Att pen,21.0,32.63636363636363,31.950177664824537
Southampton,Att pen,15.0,21.862068965517242,20.864741513463457
Tottenham,Att pen,24.0,35.888888888888886,42.50821941635191
West Ham,Att pen,23.0,30.88,38.860133813459775
Wolves,Att pen,23.0,28.304347826086957,31.848269230280426
Arsenal,att,23.5,30.59090909090909,29.146034755886465
Aston Villa,att,17.0,24.892857142857142,30.219369905084346
Bournemouth,att,16.0,27.08695652173913,32.48623910558587
Brentford,att,13.0,27.333333333333332,33.91066695500596
Brighton,att,12.5,27.785714285714285,32.0027280583172
Chelsea,att,14.0,28.53846153846154,33.56692511295102
Crystal Palace,att,12.0,21.285714285714285,29.93015679401439
Everton,att,18.0,26.40909090909091,30.326256250678522
Fulham,att,17.5,24.954545454545453,27.840493415043376
Ipswich Town,att,8.0,18.9,27.024063351021066
Leicester City,att,10.5,20.615384615384617,26.37131308536141
Liverpool,att,19.0,29.285714285714285,35.421946385176035
Manchester City,att,21.0,29.68,41.02206723216176
Manchester Utd,att,5.5,19.5,25.45686006046172
Newcastle Utd,att,8.0,26.956521739130434,30.859620955766726
Nott'ham Forest,att,12.5,25.40909090909091,27.941536057086
Southampton,att,6.0,22.82758620689655,32.3817287166668
Tottenham,att,19.0,28.51851851851852,29.70802840255394
West Ham,att,11.0,28.8,45.46885380858711
Wolves,att,14.0,28.391304347826086,34.83433406912677
Arsenal,Succ%,9.0,13.363636363636363,11.668212637211672
Aston Villa,Succ%,8.0,10.785714285714286,13.113061463761273
Bournemouth,Succ%,6.0,11.608695652173912,15.862302740186996
Brentford,Succ%,6.0,11.761904761904763,15.165436894150995
Brighton,Succ%,6.0,11.714285714285714,13.210145211462912
Chelsea,Succ%,6.0,12.115384615384615,14.348036585057686
Crystal Palace,Succ%,6.0,9.333333333333334,14.100827398891646
Everton,Succ%,8.0,11.636363636363637,13.499719413470203
Fulham,Succ%,7.0,11.181818181818182,13.598446562668432
Ipswich Town,Succ%,4.0,8.3,11.823850822632279
Leicester City,Succ%,3.5,8.461538461538462,11.024448355290232
Liverpool,Succ%,8.0,13.571428571428571,16.200529091889035
Manchester City,Succ%,9.0,14.04,21.693854736614547
Manchester Utd,Succ%,2.5,8.2,10.943113091708915
Newcastle Utd,Succ%,4.0,11.652173913043478,13.26173132688795
Nott'ham Forest,Succ%,6.0,11.5,12.794157892978975
Southampton,Succ%,4.0,9.620689655172415,13.454722466489091
Tottenham,Succ%,8.0,10.851851851851851,11.38725233186284
West Ham,Succ%,6.0,12.64,20.196699400314564
Wolves,Succ%,7.0,12.608695652173912,15.987890674549407
Arsenal,Tkld%,36.4,37.404545454545456,18.057486965185255
Aston Villa,Tkld%,40.0,39.18518518518518,23.170948383759544
Bournemouth,Tkld%,45.099999999999994,42.83,19.17059425814772
Brentford,Tkld%,42.1,42.09473684210526,16.47629521748039
Brighton,Tkld%,44.0,46.229629629629635,20.47508457416204
Chelsea,Tkld%,40.0,41.05416666666667,20.639577413239387
Crystal Palace,Tkld%,45.55,47.97,26.273642986641075
Everton,Tkld%,46.5,48.61904761904762,21.734848033690483
Fulham,Tkld%,41.7,39.46315789473684,13.193399466160502
Ipswich Town,Tkld%,43.349999999999994,44.9,8.46977820590025
Leicester City,Tkld%,47.6,48.19565217391305,26.016698802899466
Liverpool,Tkld%,44.35,38.22,18.673471190857622
Manchester City,Tkld%,36.1,37.56086956521739,23.65776326802367
Manchester Utd,Tkld%,50.0,46.766666666666666,27.135698882581845
Newcastle Utd,Tkld%,46.9,44.98095238095238,16.69819208919394
Nott'ham Forest,Tkld%,39.7,40.37894736842105,21.849372707684267
Southampton,Tkld%,44.95,42.888461538461534,27.786965677066316
Tottenham,Tkld%,48.55,42.62692307692308,24.18069573345329
West Ham,Tkld%,45.7,38.7875,20.995616778581272
Wolves,Tkld%,41.7,42.95238095238095,22.981636561559732
Arsenal,Carries,427.0,593.2727272727273,410.16003634100605
Aston Villa,Carries,397.0,414.2142857142857,314.60019980013635
Bournemouth,Carries,483.0,458.3478260869565,342.49852138972835
Brentford,Carries,410.0,493.6666666666667,361.55391483613244
Brighton,Carries,377.0,456.89285714285717,390.50122959788524
Chelsea,Carries,405.5,518.5384615384615,422.9161837309357
Crystal Palace,Carries,430.0,444.76190476190476,315.46186849790655
Everton,Carries,377.5,388.72727272727275,256.2465668653983
Fulham,Carries,521.0,525.5,421.93158438870387
Ipswich Town,Carries,224.0,284.2,224.0216122578817
Leicester City,Carries,393.0,424.7692307692308,299.0471946288489
Liverpool,Carries,550.0,655.0,456.14197351263346
Manchester City,Carries,590.0,664.68,466.34525121773606
Manchester Utd,Carries,310.0,461.8333333333333,401.0441615835217
Newcastle Utd,Carries,498.0,525.5217391304348,429.8606401619882
Nott'ham Forest,Carries,369.5,370.04545454545456,268.926167469407
Southampton,Carries,253.0,406.8965517241379,363.2547654615723
Tottenham,Carries,588.0,528.1481481481482,309.81330652553464
West Ham,Carries,321.0,421.8,318.08830010968126
Wolves,Carries,390.0,480.60869565217394,307.3460796044442
Arsenal,ProDist,1358.0,1677.6363636363637,1143.7038638295003
Aston Villa,ProDist,1086.5,1190.0,934.036163944178
Bournemouth,ProDist,1183.0,1442.0869565217392,1300.3993062637435
Brentford,ProDist,1204.0,1371.5714285714287,1143.6432822969134
Brighton,ProDist,1092.0,1373.1785714285713,1426.014857685089
Chelsea,ProDist,1016.0,1492.5,1198.4138934441642
Crystal Palace,ProDist,1004.0,1094.4761904761904,800.9814366792541
Everton,ProDist,761.5,1032.1818181818182,837.8819462455053
Fulham,ProDist,1130.0,1428.409090909091,1341.0917606150635
Ipswich Town,ProDist,597.5,778.2,625.6587921047151
Leicester City,ProDist,1042.0,1048.2307692307693,777.1549810786679
Liverpool,ProDist,1598.0,1773.3809523809523,1235.2182186233524
Manchester City,ProDist,1714.0,2051.96,1583.7090294621673
Manchester Utd,ProDist,744.5,1155.9333333333334,1107.4359305304688
Newcastle Utd,ProDist,1519.0,1429.9565217391305,1147.0369922805799
Nott'ham Forest,ProDist,834.5,1122.3181818181818,996.506822013952
Southampton,ProDist,599.0,1101.344827586207,1119.5630294214302
Tottenham,ProDist,1526.0,1462.7407407407406,859.1309827867028
West Ham,ProDist,714.0,1077.4,937.0678114914274
Wolves,ProDist,1038.0,1328.695652173913,911.0664797010055
Arsenal,ProgC,23.0,35.31818181818182,32.69685635629847
Aston Villa,ProgC,16.5,23.714285714285715,23.66879042561407
Bournemouth,ProgC,19.0,29.869565217391305,34.65322279099553
Brentford,ProgC,12.0,25.857142857142858,32.37635821751068
Brighton,ProgC,18.5,26.5,29.964794157292136
Chelsea,ProgC,12.0,31.615384615384617,40.84416915357875
Crystal Palace,ProgC,11.0,21.714285714285715,22.71154520754336
Everton,ProgC,12.0,19.818181818181817,20.770025021504892
Fulham,ProgC,17.0,30.227272727272727,37.0982374349405
Ipswich Town,ProgC,8.0,14.866666666666667,18.324156532939742
Leicester City,ProgC,13.0,19.423076923076923,22.91928982655977
Liverpool,ProgC,24.0,35.666666666666664,36.51620644773131
Manchester City,ProgC,35.0,41.64,45.442161040161814
Manchester Utd,ProgC,10.0,21.066666666666666,31.189004841265866
Newcastle Utd,ProgC,14.0,29.82608695652174,33.44011224142897
Nott'ham Forest,ProgC,13.0,26.545454545454547,33.711277288916484
Southampton,ProgC,10.0,20.620689655172413,26.91045175750685
Tottenham,ProgC,18.0,29.51851851851852,29.123570113952994
West Ham,ProgC,11.0,22.92,30.369831521868317
Wolves,ProgC,12.0,23.565217391304348,27.78951091681981
Arsenal,1/3,19.5,21.954545454545453,18.367873798531715
Aston Villa,1/3,13.5,15.071428571428571,13.100547264306886
Bournemouth,1/3,17.0,21.08695652173913,20.42706102537483
Brentford,1/3,11.0,15.952380952380953,18.81615314158606
Brighton,1/3,17.0,18.857142857142858,18.548663295583054
Chelsea,1/3,10.0,17.807692307692307,18.990564458739467
Crystal Palace,1/3,10.0,15.380952380952381,14.115509875580798
Everton,1/3,10.0,14.5,11.923366415013282
Fulham,1/3,16.5,21.545454545454547,24.2933015904488
Ipswich Town,1/3,6.5,10.033333333333333,11.034376795468235
Leicester City,1/3,7.0,12.0,12.149074038789953
Liverpool,1/3,19.0,24.285714285714285,21.185237447672982
Manchester City,1/3,23.0,31.16,27.549470654321716
Manchester Utd,1/3,9.5,14.8,18.162864729232936
Newcastle Utd,1/3,14.0,18.434782608695652,17.450777755411785
Nott'ham Forest,1/3,11.5,16.954545454545453,17.589166776137745
Southampton,1/3,9.0,15.241379310344827,18.795240986586006
Tottenham,1/3,18.0,19.85185185185185,17.05579915747969
West Ham,1/3,10.0,14.56,16.61846362734333
Wolves,1/3,13.0,17.91304347826087,21.833904084907324
Arsenal,CPA,4.5,12.136363636363637,15.458994775874643
Aston Villa,CPA,2.0,7.071428571428571,10.516049713999148
Bournemouth,CPA,1.0,9.08695652173913,16.028137314446457
Brentford,CPA,1.0,9.19047619047619,17.531739923975167
Brighton,CPA,3.0,8.535714285714286,14.995016808944532
Chelsea,CPA,1.5,11.653846153846153,21.653530534658422
Crystal Palace,CPA,1.0,5.238095238095238,7.509359239673928
Everton,CPA,2.0,5.0,7.1514234347336165
Fulham,CPA,4.0,8.227272727272727,11.032125461931267
Ipswich Town,CPA,1.5,4.5,7.668790310576121
Leicester City,CPA,2.0,4.6923076923076925,6.297740742642432
Liverpool,CPA,6.0,14.047619047619047,26.175324621628267
Manchester City,CPA,3.0,14.48,23.368639954719946
Manchester Utd,CPA,1.0,7.0,15.25190773821991
Newcastle Utd,CPA,4.0,10.73913043478261,15.91516541285629
Nott'ham Forest,CPA,2.0,7.909090909090909,12.701365096897078
Southampton,CPA,1.0,5.103448275862069,7.589206751255397
Tottenham,CPA,4.0,8.703703703703704,12.005815305076165
West Ham,CPA,2.0,6.48,13.165991543872924
Wolves,CPA,3.0,5.695652173913044,8.688732424597102
Arsenal,Mis,15.5,20.136363636363637,15.94423452908965
Aston Villa,Mis,10.0,17.0,21.580169223240667
Bournemouth,Mis,18.0,23.52173913043478,21.605701194607686
Brentford,Mis,14.0,23.285714285714285,26.448332380592273
Brighton,Mis,13.0,19.357142857142858,18.94869151294912
Chelsea,Mis,6.0,16.46153846153846,19.803496194825335
Crystal Palace,Mis,16.0,21.666666666666668,21.04835702218426
Everton,Mis,12.5,21.09090909090909,20.70635764090939
Fulham,Mis,14.5,20.318181818181817,19.062269798482287
Ipswich Town,Mis,11.0,16.6,21.055918981082993
Leicester City,Mis,12.0,15.26923076923077,14.418204305135069
Liverpool,Mis,19.0,23.047619047619047,25.32879031946885
Manchester City,Mis,14.0,17.4,15.124483462254172
Manchester Utd,Mis,9.5,15.7,17.765037340915946
Newcastle Utd,Mis,11.0,19.130434782608695,17.67459488497052
Nott'ham Forest,Mis,18.0,23.681818181818183,24.08395309198215
Southampton,Mis,10.0,14.931034482758621,15.028380376766103
Tottenham,Mis,16.0,18.40740740740741,18.21085741076811
West Ham,Mis,12.0,18.28,19.688236758701038
Wolves,Mis,16.0,23.043478260869566,22.74058898427608
Arsenal,Dis,13.5,15.863636363636363,13.52350847174214
Aston Villa,Dis,8.0,13.071428571428571,15.202164980877564
Bournemouth,Dis,8.0,14.08695652173913,17.22290505396879
Brentford,Dis,8.0,12.571428571428571,13.544635205761095
Brighton,Dis,7.0,12.107142857142858,12.714352594794667
Chelsea,Dis,6.5,10.923076923076923,11.976387024217535
Crystal Palace,Dis,13.0,14.666666666666666,14.37126763140028
Everton,Dis,11.0,15.818181818181818,14.640571038942447
Fulham,Dis,7.0,11.090909090909092,11.987728212869513
Ipswich Town,Dis,4.0,10.4,14.445139977359766
Leicester City,Dis,7.0,10.346153846153847,12.373980144455727
Liverpool,Dis,11.0,14.952380952380953,16.169341948503007
Manchester City,Dis,13.0,14.88,14.509537093466031
Manchester Utd,Dis,4.5,11.066666666666666,13.801382572754813
Newcastle Utd,Dis,8.0,17.956521739130434,20.318997516586574
Nott'ham Forest,Dis,10.0,13.5,13.330059121792228
Southampton,Dis,5.0,11.137931034482758,13.765184182076984
Tottenham,Dis,11.0,14.74074074074074,16.38618694227313
West Ham,Dis,6.0,14.68,22.253688832790544
Wolves,Dis,11.0,14.434782608695652,15.287624486838787
Arsenal,Rec,552.0,710.8636363636364,492.201884195088
Aston Villa,Rec,483.5,488.89285714285717,382.9046239707755
Bournemouth,Rec,435.0,499.69565217391306,370.4772640285168
Brentford,Rec,497.0,573.5238095238095,410.8683023850366
Brighton,Rec,417.0,513.4285714285714,428.4140804626107
Chelsea,Rec,494.5,634.1538461538462,542.6948824013502
Crystal Palace,Rec,533.0,514.4285714285714,354.96261372552624
Everton,Rec,439.5,460.04545454545456,286.96763999957625
Fulham,Rec,606.5,596.5909090909091,457.3652972750722
Ipswich Town,Rec,255.0,342.03333333333336,284.3884525680025
Leicester City,Rec,436.5,477.38461538461536,343.3747896305816
Liverpool,Rec,606.0,798.2380952380952,570.0718292252218
Manchester City,Rec,630.0,783.04,543.7994023534781
Manchester Utd,Rec,385.0,508.0,438.9121347934749
Newcastle Utd,Rec,567.0,612.304347826087,506.39998876046667
Nott'ham Forest,Rec,485.5,455.95454545454544,326.78046763228366
Southampton,Rec,349.0,494.3448275862069,436.3488345563893
Tottenham,Rec,629.0,576.4074074074074,339.1683561141484
West Ham,Rec,459.0,529.56,390.62184185390004
Wolves,Rec,482.0,559.2173913043479,370.7579407010528
Arsenal,PrgR_y,52.0,75.95454545454545,77.48823399024143
Aston Villa,PrgR_y,21.0,45.07142857142857,52.4184930410863
Bournemouth,PrgR_y,31.0,57.65217391304348,71.61171101258645
Brentford,PrgR_y,27.0,57.57142857142857,77.18003072594065
Brighton,PrgR_y,29.5,49.964285714285715,62.408737602202216
Chelsea,PrgR_y,11.5,57.07692307692308,76.0620394556565
Crystal Palace,PrgR_y,11.0,49.61904761904762,64.75915085181104
Everton,PrgR_y,24.0,41.81818181818182,41.55619988542924
Fulham,PrgR_y,31.0,61.27272727272727,73.17310318896574
Ipswich Town,PrgR_y,14.5,26.6,35.378349116470886
Leicester City,PrgR_y,16.0,35.34615384615385,40.47512056332117
Liverpool,PrgR_y,54.0,83.04761904761905,111.0078718787439
Manchester City,PrgR_y,26.0,69.6,78.21764506810467
Manchester Utd,PrgR_y,14.5,42.7,64.32576037852846
Newcastle Utd,PrgR_y,22.0,62.69565217391305,71.58557166878145
Nott'ham Forest,PrgR_y,18.5,45.63636363636363,58.02671425386386
Southampton,PrgR_y,20.0,35.3448275862069,38.70610496519063
Tottenham,PrgR_y,31.0,56.51851851851852,69.30333012887307
West Ham,PrgR_y,25.0,44.64,57.79120463646119
Wolves,PrgR_y,28.0,45.26086956521739,47.76192606069889
Arsenal,Fls,14.0,16.954545454545453,11.273556386210767
Aston Villa,Fls,8.5,13.785714285714286,13.370385026886689
Bournemouth,Fls,16.0,20.52173913043478,17.98451244118215
Brentford,Fls,12.0,13.333333333333334,10.822815406969358
Brighton,Fls,11.0,14.714285714285714,12.403276576827183
Chelsea,Fls,9.0,15.576923076923077,16.082718866965443
Crystal Palace,Fls,12.0,18.047619047619047,16.197148485076596
Everton,Fls,15.0,17.90909090909091,13.962224856509184
Fulham,Fls,15.5,17.136363636363637,14.910192916721526
Ipswich Town,Fls,10.0,13.533333333333333,14.731466049040165
Leicester City,Fls,12.0,13.384615384615385,10.770615295615839
Liverpool,Fls,16.0,19.047619047619047,16.478701983093785
Manchester City,Fls,11.0,10.64,8.18474190185616
Manchester Utd,Fls,9.0,12.533333333333333,11.667027909021433
Newcastle Utd,Fls,9.0,15.826086956521738,16.94282410159385
Nott'ham Forest,Fls,12.0,17.09090909090909,13.95881387684802
Southampton,Fls,12.0,14.758620689655173,13.428794149709455
Tottenham,Fls,10.0,15.074074074074074,13.219815912618934
West Ham,Fls,15.0,16.28,14.261019131417875
Wolves,Fls,15.0,19.782608695652176,17.503133542153716
Arsenal,Fld,17.0,17.045454545454547,12.40382918114315
Aston Villa,Fld,9.0,16.535714285714285,17.752375204372665
Bournemouth,Fld,10.0,15.608695652173912,13.89486213230953
Brentford,Fld,10.0,15.047619047619047,14.579012965479489
Brighton,Fld,9.5,14.035714285714286,14.474708831862413
Chelsea,Fld,11.0,16.26923076923077,16.73931346813887
Crystal Palace,Fld,19.0,17.952380952380953,15.866556622267453
Everton,Fld,14.0,15.227272727272727,12.968576740875719
Fulham,Fld,13.0,13.818181818181818,11.737754971666929
Ipswich Town,Fld,8.0,12.2,11.7983049630021
Leicester City,Fld,10.5,11.615384615384615,9.883630600450113
Liverpool,Fld,12.0,15.666666666666666,13.547447484058882
Manchester City,Fld,12.0,13.88,11.47214016650773
Manchester Utd,Fld,7.0,11.3,11.567344045884607
Newcastle Utd,Fld,11.0,18.217391304347824,24.096315300626227
Nott'ham Forest,Fld,10.0,17.40909090909091,17.148258528572825
Southampton,Fld,8.0,13.655172413793103,15.764507744725094
Tottenham,Fld,11.0,16.962962962962962,15.298269086306366
West Ham,Fld,11.0,15.12,17.678423760807032
Wolves,Fld,10.0,16.91304347826087,17.085115913295727
Arsenal,Off,2.0,3.5454545454545454,3.6868785704269667
Aston Villa,Off,1.0,2.0357142857142856,3.024371901209472
Bournemouth,Off,0.0,2.739130434782609,5.074153680479389
Brentford,Off,1.0,2.9523809523809526,4.477456761111049
Brighton,Off,1.0,1.4642857142857142,1.8354965592579082
Chelsea,Off,1.0,2.4615384615384617,4.588949938543843
Crystal Palace,Off,1.0,3.1904761904761907,4.915476046315836
Everton,Off,1.0,3.4545454545454546,6.330028757380496
Fulham,Off,1.0,1.8181818181818181,3.231340038058273
Ipswich Town,Off,0.5,1.5,2.776129779337439
Leicester City,Off,0.5,2.0384615384615383,4.87016031958513
Liverpool,Off,1.0,2.619047619047619,4.3985928485845385
Manchester City,Off,0.0,1.68,2.461706725018234
Manchester Utd,Off,0.5,2.066666666666667,3.161550616208852
Newcastle Utd,Off,2.0,3.0869565217391304,4.31606979763114
Nott'ham Forest,Off,1.0,3.772727272727273,6.30141192176739
Southampton,Off,0.0,1.5172413793103448,2.6270663928633997
Tottenham,Off,1.0,2.185185185185185,3.186957037158668
West Ham,Off,1.0,2.8,4.281744192888376
Wolves,Off,1.0,2.5217391304347827,3.3148366916773013
Arsenal,Crs,11.0,32.18181818181818,42.690063931101804
Aston Villa,Crs,4.5,19.928571428571427,34.228998504547846
Bournemouth,Crs,10.0,32.95652173913044,41.37245269375788
Brentford,Crs,14.0,29.523809523809526,45.98545318643609
Brighton,Crs,10.0,22.357142857142858,27.87168254394929
Chelsea,Crs,3.5,23.884615384615383,40.49921176820795
Crystal Palace,Crs,11.0,26.904761904761905,32.74279273657756
Everton,Crs,6.5,28.318181818181817,36.9908436078783
Fulham,Crs,13.0,36.45454545454545,52.15976124025773
Ipswich Town,Crs,6.0,14.833333333333334,28.825375953325825
Leicester City,Crs,6.5,20.46153846153846,27.36162388343319
Liverpool,Crs,6.0,32.095238095238095,45.267985112996534
Manchester City,Crs,8.0,23.6,32.247738938825876
Manchester Utd,Crs,6.0,19.033333333333335,35.196476443288866
Newcastle Utd,Crs,10.0,27.52173913043478,39.354876751308375
Nott'ham Forest,Crs,6.5,25.454545454545453,37.952008884313074
Southampton,Crs,6.0,17.620689655172413,26.858642920061865
Tottenham,Crs,13.0,26.85185185185185,42.5772634374658
West Ham,Crs,13.0,22.4,27.519689920733725
Wolves,Crs,10.0,21.652173913043477,30.692919964844982
Arsenal,Recov,49.5,59.68181818181818,41.36755844589926
Aston Villa,Recov,37.5,47.107142857142854,36.614446941988966
Bournemouth,Recov,59.0,73.21739130434783,57.25378631523709
Brentford,Recov,50.0,71.0,55.45087916345421
Brighton,Recov,40.5,53.857142857142854,43.787969162616385
Chelsea,Recov,44.5,57.07692307692308,51.0332621547344
Crystal Palace,Recov,64.0,72.9047619047619,54.03601092040822
Everton,Recov,56.0,62.22727272727273,48.319306816793336
Fulham,Recov,53.5,61.86363636363637,47.06054403844909
Ipswich Town,Recov,39.5,44.233333333333334,35.84995872005831
Leicester City,Recov,39.0,49.69230769230769,38.39246720987776
Liverpool,Recov,66.0,70.71428571428571,48.99096126546494
Manchester City,Recov,46.0,53.0,35.29046141192641
Manchester Utd,Recov,31.5,53.1,51.33483726711694
Newcastle Utd,Recov,49.0,66.52173913043478,58.23765539518958
Nott'ham Forest,Recov,47.0,67.4090909090909,54.13005422649021
Southampton,Recov,23.0,46.0,44.260591952661464
Tottenham,Recov,59.0,57.666666666666664,41.01688207780566
West Ham,Recov,43.0,57.16,47.967593227094476
Wolves,Recov,43.0,65.6086956521739,50.69493351987929
Arsenal,Won,10.5,19.90909090909091,19.786741811504783
Aston Villa,Won,8.0,12.571428571428571,12.062886367417523
Bournemouth,Won,20.0,23.17391304347826,21.29586424618862
Brentford,Won,12.0,27.523809523809526,31.921182696790932
Brighton,Won,12.0,17.321428571428573,18.49535191144095
Chelsea,Won,9.5,14.346153846153847,16.49955710361295
Crystal Palace,Won,17.0,22.38095238095238,22.366216019872898
Everton,Won,10.5,24.954545454545453,29.620580478423918
Fulham,Won,10.5,19.545454545454547,21.533423129830325
Ipswich Town,Won,7.0,16.666666666666668,22.797963208075885
Leicester City,Won,10.5,16.692307692307693,16.988865131654276
Liverpool,Won,9.0,18.095238095238095,26.134086480886914
Manchester City,Won,5.0,11.12,13.488637193331776
Manchester Utd,Won,8.5,14.633333333333333,15.979476779948696
Newcastle Utd,Won,7.0,19.304347826086957,29.006950237061048
Nott'ham Forest,Won,13.5,24.272727272727273,26.69970896610034
Southampton,Won,8.0,14.620689655172415,20.917207190498598
Tottenham,Won,9.0,14.62962962962963,14.079849617171531
West Ham,Won,10.0,21.68,27.425231691515997
Wolves,Won,10.0,17.73913043478261,17.532352928500103
Arsenal,Lost_y,15.5,19.363636363636363,17.646112358966818
Aston Villa,Lost_y,9.5,13.821428571428571,13.92055121149109
Bournemouth,Lost_y,22.0,24.608695652173914,20.979945251758842
Brentford,Lost_y,14.0,23.952380952380953,23.96137765337417
Brighton,Lost_y,14.0,16.107142857142858,14.652364960708526
Chelsea,Lost_y,8.5,14.307692307692308,14.603476930564804
Crystal Palace,Lost_y,19.0,28.19047619047619,25.862364639798596
Everton,Lost_y,15.0,23.227272727272727,23.890487882322773
Fulham,Lost_y,17.5,20.454545454545453,21.61509012731895
Ipswich Town,Lost_y,14.5,16.833333333333332,18.145168129195763
Leicester City,Lost_y,14.5,18.0,16.826170093042563
Liverpool,Lost_y,12.0,16.285714285714285,13.126853610606226
Manchester City,Lost_y,8.0,11.96,11.11860302975753
Manchester Utd,Lost_y,10.0,15.166666666666666,17.60502148846162
Newcastle Utd,Lost_y,14.0,18.434782608695652,19.699621793685004
Nott'ham Forest,Lost_y,19.0,23.318181818181817,27.308443424169788
Southampton,Lost_y,8.0,12.655172413793103,13.743247334259845
Tottenham,Lost_y,11.0,14.925925925925926,14.166390143103138
West Ham,Lost_y,12.0,20.84,19.484352696458767
Wolves,Lost_y,16.0,19.043478260869566,19.67111001367133
Arsenal,Won%,51.15,47.82727272727273,19.01468559819668
Aston Villa,Won%,50.0,41.5037037037037,23.27050760547617
Bournemouth,Won%,47.0,50.18181818181818,18.40014586804594
Brentford,Won%,55.5,54.88571428571428,19.609826254056554
Brighton,Won%,50.0,49.25925925925926,20.340169790896706
Chelsea,Won%,42.1,45.744,25.53859954395829
Crystal Palace,Won%,43.6,41.114285714285714,18.50622289161907
Everton,Won%,50.6,49.86363636363637,21.763021180642426
Fulham,Won%,48.0,49.833333333333336,22.00168932907956
Ipswich Town,Won%,50.0,50.05333333333333,28.041247123298298
Leicester City,Won%,50.0,49.7125,19.601958919410603
Liverpool,Won%,42.9,50.22380952380953,21.815955279609113
Manchester City,Won%,47.3,45.18,20.939854345243187
Manchester Utd,Won%,50.0,48.27241379310345,21.342829116117738
Newcastle Utd,Won%,50.0,49.52173913043478,24.045032685316624
Nott'ham Forest,Won%,47.4,51.445454545454545,20.70225953328645
Southampton,Won%,54.5,54.45172413793103,22.802124285276193
Tottenham,Won%,51.4,51.07037037037038,23.391678579798988
West Ham,Won%,50.0,51.14,16.743232463695097
Wolves,Won%,40.7,46.15652173913043,23.201701075703998
