Name,Nation,Position,Team,Age,Matches Played,Starts,Minutes,Goals,Assists,Yellow Cards,Red Cards,xG,xAG,PrgC,PrgP_x,PrgR_x,Goals per 90,Assists per 90,xG per 90,xAG per 90,Goals against per 90,Save%,Clean Sheets %,Penalty Save %,Shoots on target percentage,Shoot on target per 90,Goals per shot,Average shoot distance,Pass completed,Pass completion,Progressive passing distance,Short pass completion,Medium pass completion,Long pass completion,Key passes,Pass in to final third,Pass in to penalty are,CrsPA,PrgP_y,SCA,SCA90,GCA,GCA90,Tkl,TklW,Att,Lost_x,Blocks,Sh,Pass,Int,Touches,Def pen,Def 3rd,Mid 3rd,Att 3rd,Att pen,att,Succ%,Tkld%,Carries,ProDist,ProgC,1/3,CPA,Mis,Dis,Rec,PrgR_y,Fls,Fld,Off,Crs,Recov,Won,Lost_y,Won%,transfer_value
Aaron Ramsdale,eng ENG,GK,Southampton,26-359,27,27,2430.0,0,0,2,0,0.0,0.0,0,0,0,0.0,0.0,0.0,0.0,2.30,67.1,7.4,28.6,,0.0,,,715,64.6,20052,99.5,96.2,38.6,0,33,1,0,0,0.11,2,0.0,0,0,0,2,2,0,0,0,2,1189,860,1166,26,0,0,0,0,,723,2159,0,0,0,3,0,646,0,1,4,0,0,20,5,0,100.0,€18.7M
Aaron Wan-Bissaka,eng ENG,DF,West Ham,27-163,33,32,2884.0,2,3,1,0,1.2,3.2,101,132,150,0.06,0.09,0.04,0.1,N/a,N/a,N/a,N/a,31.3,0.16,0.13,15.1,1321,80.5,18817,89.9,81.1,46.0,30,89,32,11,132,2.65,68,0.25,7,64,45,27,7,32,9,23,60,2039,136,628,877,564,44,108,57,34.3,961,3383,101,59,13,31,21,1174,150,22,25,4,70,163,22,30,42.3,€26.9M
Abdoulaye Doucouré,ml MLI,MF,Everton,32-127,30,29,2425.0,3,1,5,1,3.9,2.3,40,78,91,0.11,0.04,0.14,0.09,N/a,N/a,N/a,N/a,31.0,0.33,0.1,13.8,676,79.6,10229,85.1,83.1,72.7,26,44,14,0,78,2.0,48,0.07,1,45,27,39,26,30,6,24,9,1090,31,218,502,385,59,43,23,46.5,571,1339,40,24,8,33,35,705,91,46,5,10,23,139,29,43,40.3,€5.8M
Adam Armstrong,eng ENG,"FW,MF",Southampton,28-087,20,15,1248.0,2,2,4,0,3.3,1.2,25,21,79,0.14,0.14,0.24,0.09,N/a,N/a,N/a,N/a,28.0,0.5,0.08,16.6,231,80.2,3320,87.3,85.3,46.2,9,10,8,2,21,1.37,12,0.29,1,12,3,14,11,6,1,5,3,377,11,44,143,192,49,14,6,57.1,235,599,25,13,6,11,18,286,79,12,5,9,14,23,5,9,35.7,
Adam Smith,eng ENG,DF,Bournemouth,34-009,22,17,1409.0,0,0,6,0,0.7,0.3,12,40,31,0.0,0.0,0.04,0.02,N/a,N/a,N/a,N/a,0.0,0.0,0.0,16.9,436,75.7,7088,88.0,78.1,37.5,7,41,8,5,40,1.28,15,0.13,1,21,10,25,13,12,5,7,14,707,39,217,332,162,6,15,6,40.0,305,585,12,15,0,10,6,333,31,15,11,0,30,43,12,13,48.0,€1.5M
Adam Wharton,eng ENG,MF,Crystal Palace,20-340,20,16,1318.0,0,2,2,0,0.4,3.0,14,107,11,0.0,0.14,0.03,0.21,N/a,N/a,N/a,N/a,38.5,0.34,0.0,25.4,548,75.6,10271,82.5,80.1,65.4,26,78,18,5,107,4.03,45,0.41,4,34,14,44,27,11,2,9,20,871,30,204,462,212,11,10,2,80.0,430,1078,14,23,2,17,13,533,11,12,21,0,39,102,7,16,30.4,€48.9M
Adama Traoré,es ESP,"FW,MF",Fulham,29-103,33,16,1592.0,2,6,3,0,3.9,4.7,89,61,145,0.11,0.34,0.22,0.27,N/a,N/a,N/a,N/a,29.7,0.62,0.05,14.3,386,72.0,6023,81.4,73.4,55.1,38,32,33,18,61,4.3,61,0.51,8,17,12,13,8,7,0,7,1,737,4,75,260,424,88,93,47,37.6,490,2268,89,42,33,34,21,556,145,20,29,1,92,78,24,26,48.0,€8M
Alejandro Garnacho,ar ARG,"MF,FW",Manchester Utd,20-311,34,23,2146.0,6,2,3,0,7.2,4.5,139,56,281,0.25,0.08,0.3,0.19,N/a,N/a,N/a,N/a,34.9,1.22,0.07,17.2,635,79.1,8921,88.6,82.9,60.0,35,21,24,4,56,3.4,62,0.25,4,29,18,36,24,19,0,19,13,1132,13,128,360,662,170,87,26,60.9,819,3176,139,72,66,63,48,864,281,12,41,10,52,108,3,23,11.5,€60.7M
Alex Iwobi,ng NGA,"FW,MF",Fulham,29-005,35,33,2796.0,9,6,1,0,4.6,6.9,135,199,224,0.29,0.19,0.15,0.22,N/a,N/a,N/a,N/a,44.4,0.9,0.14,18.2,1057,74.4,18132,85.8,77.7,53.8,56,107,78,17,199,3.7,99,0.52,13,39,23,30,11,25,1,24,13,1724,31,228,691,831,109,87,43,44.8,1218,4098,135,102,37,55,38,1345,224,17,17,5,120,126,6,31,16.2,€30.3M
Alex Palmer,eng ENG,GK,Ipswich Town,28-271,11,11,990.0,0,0,2,0,0.0,0.0,0,1,0,0.0,0.0,0.0,0.0,2.45,58.7,0.0,0.0,,0.0,,,241,67.7,7340,95.8,100.0,43.8,1,7,0,0,1,0.18,2,0.0,0,0,0,0,0,0,0,0,0,400,334,393,8,0,0,0,0,,180,604,0,0,0,1,0,132,0,1,2,0,0,15,4,0,100.0,€1.6M
Alexander Isak,se SWE,FW,Newcastle Utd,25-229,32,32,2577.0,23,6,1,0,19.9,4.3,81,80,200,0.8,0.21,0.69,0.15,N/a,N/a,N/a,N/a,42.0,1.29,0.22,14.6,479,74.5,6849,83.8,77.4,63.2,41,33,26,1,80,3.11,68,0.49,11,12,5,13,8,18,2,16,3,960,20,55,361,558,178,88,42,50.0,574,1782,81,41,43,62,52,681,200,25,13,20,15,55,26,52,33.3,€120.3M
Alexis Mac Allister,ar ARG,MF,Liverpool,26-135,34,30,2575.0,5,5,6,0,2.8,4.6,34,174,79,0.17,0.17,0.1,0.16,N/a,N/a,N/a,N/a,34.2,0.45,0.13,18.1,1260,83.5,20147,90.2,88.4,55.7,44,121,34,2,174,4.16,82,0.52,10,95,58,104,49,61,6,55,22,1845,55,280,956,630,60,42,16,50.0,906,1961,34,42,5,31,22,1217,79,61,40,2,85,146,19,34,35.8,€106.1M
Alisson,br BRA,GK,Liverpool,32-218,25,25,2238.0,0,0,0,0,0.0,0.6,0,0,0,0.0,0.0,0.0,0.02,0.92,71.4,36.0,0.0,,0.0,,,681,83.6,14999,99.0,98.6,48.1,1,11,0,0,0,0.24,6,0.04,1,1,0,1,1,0,0,0,0,860,622,844,16,0,0,1,1,0.0,550,1284,0,0,0,1,0,525,0,0,2,0,0,42,6,0,100.0,€24.1M
Alphonse Areola,fr FRA,GK,West Ham,32-070,24,23,2080.0,0,0,0,0,0.0,0.0,0,0,0,0.0,0.0,0.0,0.0,1.69,62.9,17.4,,,0.0,,,633,69.3,16971,99.3,95.3,42.2,0,10,0,0,0,0.13,2,0.0,0,2,2,3,1,0,0,0,0,967,769,958,10,0,0,0,0,,553,1201,0,0,0,0,0,510,0,0,0,0,0,27,2,0,100.0,
Amad Diallo,ci CIV,"FW,MF",Manchester Utd,22-301,23,17,1639.0,7,6,3,0,4.2,4.0,93,55,163,0.38,0.33,0.23,0.22,N/a,N/a,N/a,N/a,32.6,0.77,0.16,18.0,676,82.9,9329,90.5,85.3,53.1,40,25,30,5,55,4.56,56,0.93,7,35,28,28,11,11,0,11,11,1042,13,154,381,523,112,77,38,45.5,678,2355,93,48,54,36,32,731,163,19,24,9,38,99,9,15,37.5,€48.5M
Amadou Onana,be BEL,MF,Aston Villa,23-265,23,17,1378.0,3,0,4,0,2.1,0.3,21,60,14,0.2,0.0,0.14,0.02,N/a,N/a,N/a,N/a,35.3,0.39,0.18,14.7,607,88.5,9552,94.3,89.8,73.0,8,56,9,1,60,1.76,21,0.26,2,47,24,26,12,14,6,8,24,858,62,233,506,133,21,17,11,17.6,468,1293,21,20,1,10,9,579,14,30,24,0,1,66,27,18,60.0,€62.1M
Andreas Pereira,br BRA,MF,Fulham,29-127,31,23,1879.0,2,4,7,0,3.5,4.5,27,99,78,0.1,0.19,0.17,0.21,N/a,N/a,N/a,N/a,22.9,0.38,0.06,22.1,641,68.9,11658,83.6,78.3,41.0,56,64,19,4,99,4.84,52,0.38,4,22,12,40,30,16,2,14,8,1096,17,156,446,511,39,29,13,27.6,556,1266,27,35,8,26,21,648,78,27,23,1,168,97,12,21,36.4,€19M
Andrew Robertson,sct SCO,DF,Liverpool,31-058,31,27,2308.0,0,0,3,1,1.0,4.1,58,165,95,0.0,0.0,0.04,0.16,N/a,N/a,N/a,N/a,15.4,0.08,0.0,14.5,1456,83.0,24521,94.1,86.8,46.8,38,144,28,16,165,2.92,63,0.12,3,38,22,47,17,9,4,5,20,1947,86,500,882,578,50,18,7,55.6,1028,2588,58,48,6,25,11,1302,95,11,8,2,136,91,6,12,33.3,€24M
André,br BRA,MF,Wolves,23-296,30,28,2249.0,0,0,7,0,0.4,0.7,8,95,11,0.0,0.0,0.02,0.03,N/a,N/a,N/a,N/a,11.1,0.04,0.0,25.3,1111,92.8,17503,95.3,95.4,80.0,15,101,4,0,95,1.8,37,0.12,2,80,48,57,25,41,8,33,32,1451,83,395,939,132,3,27,13,37.0,795,1440,8,14,0,27,17,973,11,34,32,0,0,176,2,6,25.0,€29.8M
André Onana,cm CMR,GK,Manchester Utd,29-036,33,33,2970.0,0,0,0,0,0.0,0.2,0,1,0,0.0,0.0,0.0,0.01,1.30,69.0,27.3,25.0,,0.0,,,920,73.1,21868,99.1,99.0,36.3,1,24,0,0,1,0.12,3,0.0,0,1,1,3,2,0,0,0,0,1323,1005,1302,22,0,0,0,0,,932,2615,0,0,0,1,0,810,0,0,2,0,0,33,6,0,100.0,€34.2M
Anthony Elanga,se SWE,"FW,MF",Nott'ham Forest,23-011,35,28,2232.0,6,9,1,0,4.2,4.8,87,54,190,0.24,0.36,0.17,0.19,N/a,N/a,N/a,N/a,52.5,0.85,0.15,17.3,479,65.2,6909,82.8,64.1,33.0,44,29,24,7,54,3.59,50,0.57,10,18,13,17,12,11,1,10,6,1000,29,133,290,594,98,76,23,46.1,527,2268,87,42,42,70,39,672,190,8,36,15,156,84,24,34,41.4,€45.5M
Anthony Gordon,eng ENG,FW,Newcastle Utd,24-073,31,25,2235.0,6,5,2,0,8.0,4.9,111,93,197,0.24,0.2,0.32,0.2,N/a,N/a,N/a,N/a,28.6,0.64,0.09,16.8,671,73.3,10367,85.9,78.2,43.2,50,61,52,17,93,3.99,71,0.48,9,31,17,34,22,24,2,22,6,1178,16,115,444,638,123,96,35,46.9,758,3042,111,56,55,28,35,851,197,19,65,8,122,92,6,7,46.2,€49.5M
Antoine Semenyo,gh GHA,FW,Bournemouth,25-121,34,33,2933.0,9,5,9,0,9.3,5.8,133,106,259,0.28,0.15,0.29,0.18,N/a,N/a,N/a,N/a,31.4,1.14,0.08,17.2,737,73.2,10554,84.7,76.5,38.6,45,48,44,8,106,3.77,79,0.4,7,53,34,42,26,59,8,51,10,1503,44,187,526,824,176,125,64,41.6,904,3409,133,65,65,79,72,1041,259,66,36,14,52,150,61,72,45.9,€47.7M
Antonee Robinson,us USA,DF,Fulham,27-273,34,33,2989.0,0,10,8,0,0.7,4.1,114,123,265,0.0,0.3,0.02,0.12,N/a,N/a,N/a,N/a,12.5,0.06,0.0,22.1,1523,76.6,26058,86.7,79.0,56.4,42,113,54,28,123,2.32,72,0.33,11,90,57,89,45,37,7,30,57,2404,128,765,911,763,67,78,34,42.3,1278,4057,114,60,29,41,18,1440,265,31,17,6,165,148,45,25,64.3,€46.4M
Archie Gray,eng ENG,"DF,MF",Tottenham,19-057,25,16,1481.0,0,0,0,0,0.0,0.1,6,34,15,0.0,0.0,0.0,0.01,N/a,N/a,N/a,N/a,100.0,0.06,0.0,24.6,939,88.2,16414,92.3,92.7,59.1,2,39,0,0,34,0.3,4,0.0,0,13,7,17,10,19,10,9,13,1179,139,564,537,88,2,11,6,36.4,816,1551,6,5,0,9,10,881,15,9,11,0,13,59,10,9,52.6,€58.2M
Arijanet Muric,xk KVX,GK,Ipswich Town,26-182,18,18,1620.0,0,0,1,0,0.0,0.0,0,1,0,0.0,0.0,0.0,0.0,1.83,70.0,5.6,0.0,,0.0,,,454,71.7,11705,100.0,97.3,40.6,0,14,0,0,1,0.06,0,0.0,0,0,0,2,2,0,0,0,0,689,559,672,18,0,0,0,0,,405,1178,0,0,0,3,1,321,0,0,4,0,0,26,11,1,91.7,
Ashley Young,eng ENG,"DF,FW",Everton,39-303,29,17,1622.0,1,3,6,1,0.3,1.6,20,83,27,0.06,0.17,0.01,0.09,N/a,N/a,N/a,N/a,50.0,0.17,0.17,24.5,610,69.9,11228,88.0,76.0,40.3,19,72,18,9,83,2.11,28,0.33,4,51,29,51,19,10,3,7,23,1043,52,316,452,280,9,15,5,46.7,415,1214,20,24,1,8,1,535,27,25,18,0,66,61,10,11,47.6,€1.3M
Axel Tuanzebe,cd COD,DF,Ipswich Town,27-175,19,17,1446.0,0,1,5,1,0.2,0.3,9,46,8,0.0,0.06,0.01,0.02,N/a,N/a,N/a,N/a,0.0,0.0,0.0,15.7,538,83.0,8269,91.1,81.8,56.1,4,50,3,0,46,0.68,9,0.12,2,29,17,24,8,18,9,9,21,793,89,343,348,108,6,10,4,60.0,339,727,9,6,1,11,1,410,8,13,11,0,6,43,16,16,50.0,€4.2M
Bart Verbruggen,nl NED,GK,Brighton,22-263,33,33,2970.0,0,1,5,0,0.0,0.0,0,2,0,0.0,0.03,0.0,0.0,1.67,64.7,18.2,0.0,,0.0,,,938,76.9,22231,99.3,98.2,45.9,1,18,1,0,2,0.15,5,0.03,1,0,0,3,3,1,0,1,0,1304,1034,1291,13,0,0,2,2,0.0,879,1673,0,1,1,2,0,836,0,0,2,0,0,58,10,1,90.9,€30.7M
Ben Davies,wls WAL,DF,Tottenham,32-014,14,12,1126.0,0,0,4,0,0.3,0.2,14,50,6,0.0,0.0,0.02,0.02,N/a,N/a,N/a,N/a,20.0,0.08,0.0,17.0,797,88.0,14950,90.8,94.3,63.1,2,43,2,0,50,0.64,7,0.0,0,14,10,14,7,24,16,8,12,1045,178,549,451,45,12,1,1,0.0,588,1701,14,10,0,4,0,699,6,14,6,0,4,36,47,38,55.3,€5.6M
Ben Johnson,eng ENG,"DF,FW",Ipswich Town,25-104,22,14,1348.0,1,2,5,1,1.1,1.3,16,26,33,0.07,0.13,0.07,0.09,N/a,N/a,N/a,N/a,42.9,0.2,0.14,12.6,296,71.5,4812,86.2,74.8,49.0,12,21,3,2,26,1.54,11,0.33,4,38,22,41,21,22,5,17,13,624,60,245,219,163,12,24,8,58.3,259,585,16,12,3,23,17,290,33,27,6,1,37,57,19,18,51.4,€12.6M
Ben White,eng ENG,DF,Arsenal,27-212,14,10,941.0,0,1,2,0,0.4,0.8,11,44,28,0.0,0.1,0.04,0.08,N/a,N/a,N/a,N/a,14.3,0.1,0.0,19.1,449,83.6,7272,92.4,84.6,48.9,7,39,8,1,44,1.53,16,0.1,1,13,9,28,17,9,7,2,15,633,46,183,289,165,20,4,0,75.0,292,622,11,11,3,8,4,375,28,8,4,1,10,26,15,5,75.0,
Bernardo Silva,pt POR,"MF,FW",Manchester City,30-271,30,26,2401.0,3,4,7,0,3.2,4.4,94,115,184,0.11,0.15,0.12,0.16,N/a,N/a,N/a,N/a,35.7,0.37,0.11,12.9,1370,87.1,20876,92.2,88.4,66.7,47,75,33,7,115,3.11,74,0.3,8,52,34,52,28,33,7,26,20,1816,48,318,739,777,131,59,27,42.4,1137,3650,94,60,31,21,32,1346,184,26,29,3,54,93,5,10,33.3,€50M
Bernd Leno,de GER,GK,Fulham,33-065,35,35,3150.0,0,1,4,0,0.0,0.1,0,0,0,0.0,0.03,0.0,0.0,1.34,68.3,14.3,0.0,,0.0,,,1060,81.5,25878,99.5,98.9,47.5,2,16,2,0,0,0.14,5,0.06,2,2,2,2,0,1,0,1,0,1364,1097,1354,10,0,0,0,0,,892,2023,0,0,0,0,0,799,0,0,3,0,0,48,9,0,100.0,€13.7M
Beto,gw GNB,FW,Everton,27-097,27,12,1268.0,7,0,2,0,6.6,0.8,12,10,66,0.5,0.0,0.47,0.06,N/a,N/a,N/a,N/a,50.0,1.42,0.18,13.2,124,57.1,1676,67.9,50.0,87.5,8,5,4,1,10,1.21,11,0.0,0,14,6,8,3,8,1,7,3,429,22,43,188,204,72,32,17,43.8,221,390,12,9,9,59,33,309,66,30,18,14,3,30,78,92,45.9,€24.4M
Bilal El Khannouss,ma MAR,MF,Leicester City,20-363,30,25,2003.0,2,3,4,0,1.1,4.1,71,119,83,0.09,0.13,0.05,0.18,N/a,N/a,N/a,N/a,21.4,0.27,0.07,22.3,735,75.2,13072,86.1,80.6,57.0,36,83,28,6,119,2.97,48,0.22,4,46,26,28,13,21,4,17,6,1172,17,166,602,416,33,53,30,37.7,679,1949,71,42,12,36,36,788,83,28,11,1,83,84,19,20,48.7,€40.6M
Boubacar Kamara,fr FRA,MF,Aston Villa,25-166,23,17,1463.0,0,0,2,0,0.4,0.9,16,74,7,0.0,0.0,0.02,0.05,N/a,N/a,N/a,N/a,14.3,0.06,0.0,21.1,738,89.2,11638,93.4,91.8,54.4,10,82,8,0,74,1.48,18,0.12,2,49,20,54,26,17,7,10,17,991,92,308,572,118,8,24,8,33.3,517,1121,16,11,1,10,15,673,7,25,28,0,1,73,17,23,42.5,€46.3M
Boubakary Soumaré,fr FRA,MF,Leicester City,26-070,28,23,1960.0,0,0,8,0,0.3,0.4,31,95,21,0.0,0.0,0.01,0.02,N/a,N/a,N/a,N/a,0.0,0.0,0.0,23.4,985,86.7,14936,92.0,87.6,69.1,11,90,13,2,95,1.56,26,0.14,3,33,18,30,12,20,8,12,24,1324,64,352,835,150,17,44,27,29.5,788,1881,31,16,3,20,21,929,21,21,21,0,8,130,20,9,69.0,€15.4M
Brennan Johnson,wls WAL,FW,Tottenham,23-350,31,23,2083.0,11,3,5,0,9.8,2.3,57,70,194,0.48,0.13,0.43,0.1,N/a,N/a,N/a,N/a,37.7,0.86,0.21,11.4,438,71.0,5790,80.5,75.7,34.4,19,25,35,6,70,1.99,30,0.3,5,39,26,31,15,25,3,22,4,825,16,89,282,466,120,44,19,50.0,527,1410,57,21,32,25,16,609,194,26,25,12,52,60,7,20,25.9,€71.3M
Bruno Fernandes,pt POR,MF,Manchester Utd,30-242,33,32,2758.0,8,9,4,2,9.5,7.6,65,281,118,0.26,0.29,0.31,0.25,N/a,N/a,N/a,N/a,30.1,0.82,0.06,21.9,1522,75.2,26743,86.7,80.4,52.6,84,176,73,11,281,5.51,120,0.39,9,76,47,75,46,32,4,28,25,2394,59,398,1130,888,71,65,27,49.2,1379,3436,65,60,11,38,37,1665,118,26,37,2,172,192,21,28,42.9,€54.8M
Bruno Guimarães,br BRA,MF,Newcastle Utd,27-173,35,35,3002.0,4,6,6,0,3.9,5.8,54,247,81,0.12,0.18,0.12,0.17,N/a,N/a,N/a,N/a,25.6,0.3,0.1,16.3,1334,82.1,22040,90.6,87.5,56.8,47,162,70,6,247,3.63,108,0.51,16,75,43,64,33,34,9,25,27,2013,75,409,1035,592,74,75,34,32.0,1298,3108,54,40,12,53,73,1507,81,57,100,2,25,167,18,17,51.4,€83.2M
Bryan Mbeumo,cm CMR,FW,Brentford,25-274,35,35,3144.0,18,6,3,0,10.8,8.0,118,128,319,0.52,0.17,0.31,0.23,N/a,N/a,N/a,N/a,42.3,0.86,0.18,17.7,809,66.6,12856,79.0,72.1,37.0,66,55,55,16,128,3.84,93,0.52,10,45,29,31,13,24,3,21,14,1633,54,232,517,913,149,99,46,41.4,984,3237,118,64,68,99,40,1109,319,23,43,11,182,143,34,69,33.0,€57.2M
Bukayo Saka,eng ENG,"FW,MF",Arsenal,23-245,22,18,1539.0,6,10,3,0,6.3,6.8,82,62,233,0.35,0.58,0.37,0.4,N/a,N/a,N/a,N/a,34.5,1.17,0.09,15.5,488,75.2,7524,90.1,73.1,47.7,50,13,32,10,62,5.97,61,1.29,13,24,13,22,11,21,0,21,3,875,6,52,192,639,146,84,37,41.7,558,2133,82,28,45,29,38,635,233,14,38,5,110,65,8,19,29.6,€101.3M
Caleb Okoli,it ITA,DF,Leicester City,23-299,18,12,1124.0,1,0,4,0,0.6,0.0,3,32,2,0.08,0.0,0.05,0.0,N/a,N/a,N/a,N/a,50.0,0.16,0.25,13.5,558,86.4,9738,91.3,91.0,55.4,0,21,1,0,32,0.32,4,0.0,0,25,14,18,7,24,14,10,15,804,152,450,324,35,10,0,0,,467,1106,3,6,0,10,2,483,2,16,9,0,1,44,23,21,52.3,€16.7M
Callum Hudson-Odoi,eng ENG,"FW,MF",Nott'ham Forest,24-182,29,25,2152.0,5,2,2,0,2.5,2.7,127,66,186,0.21,0.08,0.1,0.11,N/a,N/a,N/a,N/a,45.9,0.71,0.14,18.3,674,82.2,9918,92.1,81.8,51.2,44,36,31,11,66,3.93,74,0.46,7,20,14,17,6,11,0,11,13,1005,15,111,324,595,72,62,36,29.0,626,3335,127,61,45,44,23,764,186,12,22,8,75,91,3,10,23.1,€30.2M
Calvin Bassey,ng NGA,DF,Fulham,25-128,33,32,2894.0,1,0,7,0,1.0,0.1,36,107,15,0.03,0.0,0.03,0.0,N/a,N/a,N/a,N/a,28.6,0.12,0.07,15.3,1822,89.8,32168,95.1,94.0,61.5,3,143,2,0,107,0.72,19,0.09,2,52,33,30,9,37,17,20,18,2317,308,1127,1090,124,19,31,14,32.3,1487,4539,36,18,5,32,8,1620,15,26,31,2,7,156,40,31,56.3,€29.9M
Cameron Archer,eng ENG,FW,Southampton,23-291,32,13,1373.0,2,0,0,0,5.1,0.4,19,14,64,0.13,0.0,0.33,0.02,N/a,N/a,N/a,N/a,33.3,0.59,0.07,13.1,189,81.1,2474,85.6,91.4,55.6,3,6,7,0,14,1.12,8,0.0,0,11,7,9,7,5,1,4,2,362,16,59,161,145,50,32,14,53.1,210,499,19,9,14,34,25,256,64,16,12,7,3,34,8,28,22.2,€18.6M
Cameron Burgess,au AUS,DF,Ipswich Town,29-199,17,15,1451.0,0,2,0,0,0.7,0.5,2,41,4,0.0,0.12,0.04,0.03,N/a,N/a,N/a,N/a,11.1,0.06,0.0,9.7,590,80.9,10830,90.9,87.0,50.8,7,45,4,0,41,0.81,13,0.19,3,15,10,9,2,18,13,5,14,919,221,562,312,47,23,0,0,,416,990,2,4,0,3,0,539,4,5,4,1,0,40,43,22,66.2,€1.7M
Carlos Baleba,cm CMR,MF,Brighton,21-125,31,28,2403.0,3,1,8,1,3.0,1.3,40,111,27,0.11,0.04,0.11,0.05,N/a,N/a,N/a,N/a,26.8,0.41,0.07,25.3,1048,87.2,17638,92.6,91.7,62.3,20,103,22,2,111,2.25,50,0.15,2,71,41,72,28,44,10,34,40,1556,88,375,917,303,12,52,31,34.6,886,2588,40,40,3,37,37,944,27,38,44,0,8,176,38,24,61.3,€52.4M
Carlos Soler,es ESP,"MF,FW",West Ham,28-126,29,14,1358.0,1,1,5,0,1.7,1.2,16,52,33,0.07,0.07,0.11,0.08,N/a,N/a,N/a,N/a,29.2,0.46,0.04,19.1,536,85.1,8360,94.4,85.6,53.7,14,41,11,0,52,3.12,29,0.13,2,15,11,23,16,19,6,13,8,748,26,173,391,189,23,18,8,50.0,341,714,16,16,4,12,14,506,33,24,18,0,31,64,9,11,45.0,€23.4M
Casemiro,br BRA,MF,Manchester Utd,33-074,22,16,1335.0,1,0,3,0,1.7,2.3,4,70,26,0.07,0.0,0.11,0.15,N/a,N/a,N/a,N/a,28.6,0.54,0.04,18.8,670,78.5,11089,86.4,83.7,59.8,20,68,20,6,70,3.31,45,0.2,3,77,46,66,25,33,10,23,12,1091,69,327,555,217,38,6,3,50.0,575,823,4,10,0,10,10,697,26,17,18,3,19,89,31,17,64.6,€11.6M
Chris Richards,us USA,DF,Crystal Palace,25-041,21,19,1652.0,1,0,4,1,1.3,0.1,5,35,1,0.05,0.0,0.07,0.01,N/a,N/a,N/a,N/a,45.5,0.27,0.09,11.4,609,80.2,10779,88.3,89.6,44.9,2,22,1,1,35,0.38,3,0.11,0,44,28,38,15,36,13,23,15,985,113,527,397,67,18,6,1,83.3,453,916,5,5,0,5,5,547,1,11,4,1,3,49,38,38,50.0,€15.7M
Chris Wood,nz NZL,FW,Nott'ham Forest,33-152,33,32,2689.0,19,3,1,0,11.7,2.5,13,36,87,0.64,0.1,0.39,0.08,N/a,N/a,N/a,N/a,54.5,1.0,0.29,14.1,290,65.9,4048,69.8,67.2,72.7,19,16,9,1,36,1.34,32,0.17,4,5,4,9,7,11,7,4,5,698,36,84,334,282,89,12,4,58.3,339,444,13,10,5,73,24,512,87,24,21,26,1,44,88,129,40.6,€7.8M
Christian Eriksen,dk DEN,MF,Manchester Utd,33-083,21,11,1028.0,0,2,4,0,0.4,2.9,12,53,29,0.0,0.18,0.03,0.25,N/a,N/a,N/a,N/a,9.1,0.09,0.0,24.9,569,79.1,9538,92.1,80.7,47.6,27,53,11,4,53,4.46,34,0.61,5,19,9,26,15,14,4,10,7,811,24,163,388,264,15,3,0,100.0,450,761,12,13,1,11,5,541,29,8,3,0,78,59,2,6,25.0,€4.2M
Christian Nørgaard,dk DEN,MF,Brentford,31-059,31,31,2549.0,5,3,6,1,3.9,1.0,12,133,37,0.18,0.11,0.14,0.04,N/a,N/a,N/a,N/a,34.3,0.42,0.14,14.3,1049,81.3,17392,87.0,85.1,58.6,17,128,24,4,133,1.73,40,0.35,9,75,45,71,27,51,19,32,45,1638,161,561,780,312,52,13,6,38.5,738,1204,12,12,4,31,18,974,37,41,28,1,15,179,44,29,60.3,€14.4M
Christopher Nkunku,fr FRA,FW,Chelsea,27-175,27,9,921.0,3,2,2,0,4.8,2.1,17,25,68,0.29,0.2,0.47,0.21,N/a,N/a,N/a,N/a,44.0,1.07,0.12,12.6,299,89.5,3928,91.6,92.2,100.0,14,26,7,0,25,3.32,21,0.39,1,12,8,8,2,9,2,7,7,448,10,52,183,217,52,27,10,51.9,280,628,17,16,13,18,17,356,68,16,11,3,4,29,16,22,42.1,€51.7M
Cody Gakpo,nl NED,FW,Liverpool,26-001,32,20,1717.0,9,3,5,0,6.5,3.5,51,52,253,0.47,0.16,0.34,0.18,N/a,N/a,N/a,N/a,41.2,1.1,0.18,15.2,439,75.8,6279,86.6,66.5,54.8,33,22,27,8,52,3.72,52,0.37,3,26,14,23,12,19,2,17,11,795,21,75,230,506,90,51,29,29.4,540,1974,51,32,20,38,20,606,253,17,25,5,68,66,15,24,38.5,€67.5M
Cole Palmer,eng ENG,MF,Chelsea,23-002,34,33,2921.0,15,8,6,0,17.0,10.0,110,200,169,0.46,0.25,0.52,0.31,N/a,N/a,N/a,N/a,35.7,1.26,0.1,20.2,1044,76.9,19884,85.9,84.8,59.9,82,153,61,17,200,5.86,126,0.46,11,27,17,23,14,14,1,13,11,1694,20,140,759,817,133,107,50,38.3,1074,3497,110,67,39,63,34,1248,169,13,57,6,134,100,1,7,12.5,€115.4M
Conor Coady,eng ENG,DF,Leicester City,32-072,19,16,1444.0,0,0,2,0,0.1,0.1,3,30,0,0.0,0.0,0.01,0.0,N/a,N/a,N/a,N/a,100.0,0.06,0.0,9.2,829,90.9,14352,97.0,96.6,52.7,1,32,2,0,30,0.31,5,0.0,0,12,8,6,3,27,20,7,13,1036,199,569,450,18,6,2,1,50.0,676,1556,3,3,1,4,2,762,0,7,2,1,0,50,13,19,40.6,€2.2M
Craig Dawson,eng ENG,DF,Wolves,35-002,15,10,971.0,0,0,2,0,0.5,0.0,6,20,5,0.0,0.0,0.05,0.0,N/a,N/a,N/a,N/a,20.0,0.09,0.0,8.5,484,86.6,9745,92.5,93.0,60.0,2,22,1,0,20,0.65,6,0.19,1,15,3,15,3,16,11,5,9,671,130,396,249,28,14,5,1,40.0,390,938,6,1,0,2,0,443,5,6,5,2,0,35,21,11,65.6,€1.5M
Cristian Romero,ar ARG,DF,Tottenham,27-011,18,18,1416.0,1,0,3,0,1.6,0.6,12,71,3,0.06,0.0,0.1,0.04,N/a,N/a,N/a,N/a,50.0,0.51,0.06,9.1,1094,89.5,20402,91.4,94.7,63.5,7,109,8,1,71,1.27,16,0.25,3,35,29,30,9,18,3,15,21,1377,157,594,720,74,23,4,1,50.0,896,2893,12,18,0,10,5,936,3,14,12,2,3,90,41,27,60.3,€60.1M
Curtis Jones,eng ENG,"MF,DF",Liverpool,24-098,30,17,1528.0,3,3,3,1,4.1,1.0,24,95,71,0.18,0.18,0.24,0.06,N/a,N/a,N/a,N/a,38.7,0.71,0.1,16.9,911,93.3,13290,96.9,92.7,75.0,19,70,17,0,95,2.47,37,0.41,5,36,20,25,8,16,7,9,6,1145,32,187,615,349,52,19,11,36.8,702,1598,24,17,6,23,32,867,71,17,24,1,6,86,13,12,52.0,€61.7M
Daichi Kamada,jp JPN,MF,Crystal Palace,28-276,31,14,1424.0,0,0,4,1,1.1,1.8,24,80,54,0.0,0.0,0.07,0.11,N/a,N/a,N/a,N/a,20.0,0.25,0.0,20.3,541,79.8,8735,88.0,82.6,58.5,19,42,13,2,80,3.1,36,0.19,2,45,27,38,25,21,5,16,16,851,19,181,447,230,30,15,6,46.7,427,1025,24,19,5,15,18,544,54,27,19,2,29,72,3,13,18.8,€14.6M
Dan Burn,eng ENG,DF,Newcastle Utd,32-364,34,34,3060.0,1,0,10,0,1.7,0.9,9,59,10,0.03,0.0,0.05,0.03,N/a,N/a,N/a,N/a,25.0,0.15,0.05,9.9,1630,88.9,29674,90.3,94.7,61.3,8,39,7,0,59,0.62,16,0.09,2,34,19,32,15,32,23,9,25,2184,344,1220,861,109,49,4,3,25.0,1246,2498,9,5,1,23,3,1470,10,30,11,5,3,95,134,65,67.3,€9.1M
Dango Ouattara,bf BFA,FW,Bournemouth,23-086,32,21,2005.0,7,4,3,0,8.4,5.5,79,43,191,0.31,0.18,0.38,0.25,N/a,N/a,N/a,N/a,32.3,0.9,0.11,13.5,367,60.0,5725,72.9,62.2,37.3,35,21,26,11,43,3.23,57,0.27,4,35,26,41,24,36,10,26,11,959,62,165,316,497,128,82,39,41.5,492,1777,79,35,38,63,32,577,191,16,19,14,88,92,45,63,41.7,€28.5M
Daniel Muñoz,co COL,DF,Crystal Palace,28-347,34,34,2958.0,4,4,10,0,4.7,4.5,54,89,191,0.12,0.12,0.14,0.14,N/a,N/a,N/a,N/a,39.4,0.4,0.12,12.3,1052,75.6,16013,85.5,77.1,44.0,41,53,33,14,89,2.37,64,0.27,7,113,74,89,37,36,4,32,40,1871,111,524,768,598,95,54,21,57.4,730,1604,54,35,15,50,18,883,191,49,19,13,68,155,58,75,43.6,€30.9M
Danny Welbeck,eng ENG,FW,Brighton,34-163,28,22,1942.0,9,4,5,0,8.1,1.2,19,42,83,0.42,0.19,0.38,0.06,N/a,N/a,N/a,N/a,37.7,0.93,0.17,15.2,368,84.2,4306,86.3,87.0,100.0,19,17,13,0,42,2.04,33,0.28,6,23,14,18,11,17,2,15,5,648,15,50,277,326,90,36,12,58.3,395,777,19,20,7,45,25,483,83,11,22,4,3,40,15,29,34.1,€6M
Dara O'Shea,ie IRL,DF,Ipswich Town,26-065,32,32,2852.0,0,2,6,0,1.2,0.5,3,71,8,0.0,0.06,0.04,0.02,N/a,N/a,N/a,N/a,10.0,0.06,0.0,13.6,1112,77.7,22113,86.7,84.8,50.0,3,83,3,1,71,0.69,18,0.13,4,47,30,31,11,59,47,12,31,1841,361,1065,663,118,48,2,1,50.0,805,1751,3,2,0,11,4,1048,8,18,22,3,7,101,103,79,56.6,€19.5M
Darwin Núñez,uy URU,FW,Liverpool,25-318,27,8,1051.0,5,2,8,0,5.3,1.2,22,27,69,0.43,0.17,0.45,0.11,N/a,N/a,N/a,N/a,36.4,1.03,0.15,14.3,151,70.6,2248,80.4,73.0,66.7,9,9,2,0,27,2.31,18,0.34,3,19,16,16,10,6,0,6,3,340,10,44,113,193,66,21,8,57.1,184,529,22,17,12,21,19,228,69,27,14,11,2,39,17,30,36.2,€60.9M
David Raya,es ESP,GK,Arsenal,29-235,35,35,3150.0,0,0,2,0,0.0,0.0,0,13,0,0.0,0.0,0.0,0.0,0.89,74.1,34.3,0.0,,0.0,,,979,74.6,23137,98.9,98.3,38.2,0,41,2,0,13,0.11,3,0.03,1,0,0,2,2,0,0,0,2,1367,802,1284,83,0,0,1,1,0.0,856,2563,0,0,0,1,0,789,0,1,9,0,0,38,10,0,100.0,€28.9M
Dean Henderson,eng ENG,GK,Crystal Palace,28-057,35,35,3150.0,0,0,3,0,0.0,0.1,0,0,0,0.0,0.0,0.0,0.0,1.37,67.1,28.6,50.0,0.0,0.0,0.0,14.9,682,61.4,18786,99.4,99.4,31.0,2,21,1,0,0,0.09,2,0.0,0,2,1,6,4,0,0,0,0,1200,974,1195,4,1,1,0,0,,689,1950,0,0,0,2,0,523,0,0,1,0,0,25,11,1,91.7,€22.7M
Dean Huijsen,es ESP,DF,Bournemouth,20-024,29,24,2234.0,3,1,8,0,1.9,2.0,36,116,10,0.12,0.04,0.08,0.08,N/a,N/a,N/a,N/a,16.7,0.12,0.17,11.9,1204,83.4,24235,89.0,91.6,59.3,14,146,7,2,116,1.61,37,0.12,3,33,23,25,10,36,28,8,49,1803,238,820,861,131,30,5,2,60.0,992,3937,36,26,0,18,1,1117,10,29,10,2,12,96,64,41,61.0,€55M
Declan Rice,eng ENG,MF,Arsenal,26-114,33,31,2645.0,3,7,7,1,3.3,6.5,88,180,92,0.1,0.24,0.11,0.22,N/a,N/a,N/a,N/a,25.0,0.37,0.07,19.3,1304,83.5,22238,92.0,90.5,48.9,56,126,35,5,180,3.61,57,0.34,6,52,24,37,21,24,11,13,25,1839,71,302,863,693,77,28,13,50.0,977,3274,88,54,16,36,29,1204,92,20,16,2,157,143,31,24,56.4,€107.8M
Dejan Kulusevski,se SWE,"MF,FW",Tottenham,25-013,31,26,2371.0,7,4,3,0,4.2,6.2,120,123,210,0.27,0.15,0.16,0.24,N/a,N/a,N/a,N/a,37.0,0.65,0.15,14.8,656,73.6,9184,86.2,78.0,40.5,65,62,52,6,123,4.82,95,0.34,7,45,23,51,32,34,5,29,13,1272,24,149,430,717,157,117,38,60.7,821,3206,120,67,40,77,73,894,210,47,38,5,89,119,10,15,40.0,€60.5M
Destiny Udogie,it ITA,DF,Tottenham,22-161,24,23,1834.0,0,1,2,0,0.3,1.5,54,120,93,0.0,0.05,0.01,0.07,N/a,N/a,N/a,N/a,20.0,0.05,0.0,15.1,947,87.4,13710,91.3,90.4,80.0,16,88,6,1,120,1.72,31,0.15,2,74,47,47,14,40,6,34,21,1336,60,377,591,383,49,32,13,50.0,735,2290,54,39,12,32,19,796,93,29,38,2,19,109,13,13,50.0,€59.4M
Diogo Dalot,pt POR,DF,Manchester Utd,26-051,32,31,2788.0,0,3,5,0,2.0,2.0,62,102,164,0.0,0.1,0.06,0.07,N/a,N/a,N/a,N/a,21.7,0.16,0.0,15.6,1336,80.5,21497,89.9,81.9,55.4,26,61,25,8,102,2.39,57,0.16,3,67,39,52,18,22,9,13,37,1965,113,658,767,557,66,53,27,41.5,1111,2684,62,37,16,37,21,1186,164,40,9,4,65,164,38,21,64.4,€37.4M
Diogo Jota,pt POR,FW,Liverpool,28-155,24,14,1154.0,6,3,2,0,7.5,1.8,36,33,86,0.47,0.23,0.59,0.14,N/a,N/a,N/a,N/a,27.1,1.01,0.13,12.3,205,69.7,3120,76.2,75.0,61.9,11,29,3,1,33,2.73,22,0.7,5,14,8,19,12,9,0,9,7,459,5,30,190,246,93,32,11,59.4,251,754,36,21,20,37,22,317,86,22,14,1,8,40,22,30,42.3,€58.6M
Djed Spence,eng ENG,DF,Tottenham,24-272,22,17,1604.0,1,2,4,1,0.6,1.8,56,100,70,0.06,0.11,0.03,0.1,N/a,N/a,N/a,N/a,30.0,0.17,0.1,23.9,923,85.5,13205,93.7,85.8,51.7,11,74,18,8,100,1.57,22,0.28,3,40,30,27,7,24,9,15,18,1316,72,448,600,288,25,69,34,40.6,741,2372,56,41,7,26,31,812,70,20,23,2,25,101,20,13,60.6,€19.8M
Dominic Calvert-Lewin,eng ENG,FW,Everton,28-053,23,19,1588.0,3,1,2,0,6.2,0.6,22,19,107,0.17,0.06,0.35,0.04,N/a,N/a,N/a,N/a,36.2,0.96,0.06,12.3,177,62.8,2075,69.9,59.0,37.5,7,19,5,1,19,1.42,14,0.23,1,9,7,6,4,6,2,4,6,499,22,39,208,257,83,25,10,52.0,272,444,22,8,16,73,33,407,107,27,23,27,6,32,84,80,51.2,€17.8M
Dominic Solanke,eng ENG,FW,Tottenham,27-236,25,24,2119.0,8,3,0,0,10.1,2.9,29,45,88,0.34,0.13,0.43,0.13,N/a,N/a,N/a,N/a,40.7,1.02,0.14,12.1,250,71.0,3344,76.1,77.1,66.7,14,27,9,0,45,1.57,25,0.34,6,18,11,14,10,18,7,11,0,636,31,68,290,284,111,50,16,62.0,374,803,29,21,14,67,47,448,88,36,36,5,4,37,44,59,42.7,€52.1M
Dominik Szoboszlai,hu HUN,MF,Liverpool,24-195,33,26,2279.0,5,5,6,0,7.1,6.2,65,118,120,0.2,0.2,0.28,0.24,N/a,N/a,N/a,N/a,32.3,0.79,0.08,18.5,1029,84.6,15917,89.2,88.3,72.2,51,80,31,5,118,4.27,84,0.55,11,31,20,39,24,36,4,32,9,1450,24,188,704,576,96,35,19,37.1,740,2119,65,46,17,34,22,991,120,37,23,4,34,122,18,22,45.0,€71.4M
Dwight McNeil,eng ENG,"MF,FW",Everton,25-167,18,14,1262.0,4,4,1,0,1.1,3.8,35,63,74,0.29,0.29,0.08,0.27,N/a,N/a,N/a,N/a,40.0,0.71,0.16,21.9,420,73.7,7795,86.7,81.8,52.3,33,38,33,10,63,4.49,35,0.5,4,11,6,19,11,7,0,7,5,688,4,67,298,339,24,40,21,45.0,406,1041,35,30,5,24,29,468,74,6,14,1,97,71,3,15,16.7,€27M
Eberechi Eze,eng ENG,"MF,FW",Crystal Palace,26-313,31,29,2427.0,5,8,1,0,9.1,5.2,67,89,143,0.19,0.3,0.34,0.19,N/a,N/a,N/a,N/a,25.3,0.89,0.04,21.6,735,74.5,12395,84.3,83.5,44.9,54,47,35,4,89,4.64,66,0.33,8,37,22,35,18,27,0,27,11,1336,15,177,628,564,89,130,64,44.6,794,2262,67,45,21,53,44,862,143,11,49,9,103,133,7,37,15.9,€62.2M
Ederson,br BRA,GK,Manchester City,31-264,23,23,2050.0,0,4,3,0,0.0,1.5,0,1,0,0.0,0.18,0.0,0.07,1.10,68.5,34.8,0.0,,0.0,,,730,88.2,17943,100.0,98.4,66.3,4,20,1,0,1,0.26,6,0.18,4,0,0,2,2,0,0,0,1,875,619,866,9,0,0,0,0,,590,1732,0,0,0,1,0,560,0,1,0,0,0,38,4,1,80.0,€19.1M
Edson Álvarez,mx MEX,MF,West Ham,27-196,25,19,1633.0,0,1,8,1,0.3,0.8,21,75,18,0.0,0.06,0.02,0.04,N/a,N/a,N/a,N/a,9.1,0.06,0.0,26.7,763,85.7,12894,88.8,89.7,73.5,11,80,11,3,75,1.38,21,0.11,2,44,23,33,18,21,8,13,16,1101,61,323,612,174,12,31,14,38.7,603,1528,21,20,2,25,13,734,18,37,18,4,6,78,28,20,58.3,€36.5M
Elliot Anderson,eng ENG,MF,Nott'ham Forest,22-183,34,30,2467.0,2,6,7,0,1.9,3.1,46,128,87,0.07,0.22,0.07,0.11,N/a,N/a,N/a,N/a,18.9,0.26,0.05,19.4,949,77.6,15198,89.1,80.3,45.7,34,105,19,2,128,2.85,38,0.36,4,84,52,100,57,44,9,35,30,1630,95,388,775,496,62,73,36,39.7,820,2094,46,31,19,56,41,956,87,43,55,4,78,197,47,23,67.1,€46.5M
Emerson Palmieri,it ITA,DF,West Ham,30-278,30,26,2105.0,2,1,5,0,2.0,1.5,47,66,83,0.09,0.04,0.08,0.06,N/a,N/a,N/a,N/a,43.8,0.3,0.13,19.0,859,79.9,12521,89.7,81.3,42.2,16,51,13,5,66,1.75,25,0.09,1,60,31,48,21,32,8,24,21,1323,82,422,557,359,28,30,10,56.7,553,1736,47,25,9,24,7,745,83,25,13,0,64,84,18,20,47.4,€12.6M
Emile Smith Rowe,eng ENG,MF,Fulham,24-284,31,23,1886.0,6,2,2,0,4.4,1.1,50,120,115,0.29,0.1,0.21,0.05,N/a,N/a,N/a,N/a,28.6,0.48,0.17,15.6,844,90.1,12107,92.1,95.4,70.4,18,76,15,1,120,3.1,50,0.52,9,31,18,24,16,20,2,18,11,1128,20,155,534,449,55,33,16,45.5,734,1838,50,38,11,35,13,867,115,18,12,4,13,69,6,17,26.1,€40.8M
Emiliano Martínez,ar ARG,GK,Aston Villa,32-248,34,34,2970.0,0,0,4,0,0.0,0.5,0,4,0,0.0,0.0,0.0,0.02,1.36,66.7,17.6,50.0,,0.0,,,1018,79.1,26608,97.8,98.2,50.1,2,24,0,0,4,0.18,5,0.03,1,3,3,2,0,1,0,1,0,1348,1015,1329,19,0,0,1,1,0.0,820,2626,0,0,0,1,0,738,0,1,5,0,0,29,8,1,88.9,€17.5M
Emmanuel Agbadou,ci CIV,DF,Wolves,27-325,13,13,1140.0,0,0,2,0,0.3,0.2,3,22,1,0.0,0.0,0.02,0.02,N/a,N/a,N/a,N/a,16.7,0.08,0.0,31.8,663,85.0,13505,91.7,92.7,61.0,4,26,1,0,22,1.18,14,0.16,2,27,18,17,6,16,12,4,9,924,155,527,381,22,5,10,7,20.0,572,1230,3,3,0,3,3,615,1,5,4,1,1,66,22,16,57.9,€18M
Enzo Fernández,ar ARG,MF,Chelsea,24-111,33,29,2677.0,6,7,7,0,6.0,6.5,57,199,116,0.2,0.24,0.2,0.22,N/a,N/a,N/a,N/a,37.3,0.64,0.12,18.2,1429,80.0,25393,89.0,85.0,58.0,73,156,39,7,199,4.74,111,0.54,13,63,32,83,52,36,7,29,13,2070,36,327,1049,708,76,46,21,39.1,1135,2574,57,53,8,27,27,1520,116,47,48,1,105,147,14,28,33.3,€73.7M
Erling Haaland,no NOR,FW,Manchester City,24-291,28,28,2480.0,21,3,2,0,20.8,2.8,19,18,103,0.76,0.11,0.76,0.1,N/a,N/a,N/a,N/a,54.5,1.96,0.19,12.2,225,66.0,2706,70.6,66.7,66.7,26,9,7,1,18,2.25,43,0.33,6,9,5,6,4,11,1,10,5,578,22,39,200,344,170,32,11,59.4,272,478,19,14,19,39,25,427,103,22,12,4,3,29,49,45,52.1,€198.8M
Ethan Pinnock,jm JAM,DF,Brentford,31-344,22,21,1913.0,2,0,2,0,1.1,1.2,3,41,9,0.09,0.0,0.05,0.05,N/a,N/a,N/a,N/a,60.0,0.28,0.2,11.1,924,85.6,17045,94.2,89.4,57.9,8,48,4,1,41,0.99,13,0.0,0,35,19,24,11,29,18,11,24,1348,294,783,457,109,24,9,3,66.7,633,1633,3,4,0,2,4,760,9,8,4,0,9,50,63,43,59.4,€7.6M
Evanilson,br BRA,FW,Bournemouth,25-214,28,25,2058.0,10,1,1,1,11.6,1.6,28,24,88,0.44,0.04,0.51,0.07,N/a,N/a,N/a,N/a,43.9,1.27,0.15,13.0,215,70.0,2631,75.3,73.0,66.7,23,14,3,0,24,2.45,35,0.35,2,16,10,12,4,10,2,8,0,505,23,50,195,263,116,19,6,36.8,300,820,28,17,14,31,22,358,88,33,45,17,0,59,39,58,40.2,€26.9M
Ezri Konsa,eng ENG,DF,Aston Villa,27-197,31,30,2666.0,1,0,0,0,0.9,0.4,17,77,11,0.03,0.0,0.03,0.01,N/a,N/a,N/a,N/a,33.3,0.1,0.11,9.1,1425,92.8,23907,96.4,95.7,65.5,5,95,1,0,77,0.78,18,0.1,3,32,17,22,4,18,10,8,21,1756,224,826,839,100,20,18,8,38.9,1021,2561,17,12,2,17,10,1223,11,6,42,0,5,89,31,22,58.5,€42.7M
Fabian Schär,ch SUI,DF,Newcastle Utd,33-139,31,30,2664.0,4,0,7,1,2.4,0.4,14,102,18,0.14,0.0,0.08,0.01,N/a,N/a,N/a,N/a,32.3,0.34,0.13,21.2,1518,83.8,30536,92.3,92.7,52.3,5,145,10,0,102,1.08,23,0.14,2,34,21,34,20,37,24,13,41,2111,239,1089,900,133,33,12,8,16.7,1331,3403,14,23,2,11,6,1474,18,32,12,4,10,125,46,61,43.0,€11M
Facundo Buonanotte,ar ARG,"FW,MF",Leicester City,20-136,29,14,1474.0,4,2,7,0,3.8,3.1,38,52,69,0.24,0.12,0.23,0.19,N/a,N/a,N/a,N/a,29.4,0.61,0.12,17.8,430,76.6,6782,85.7,81.9,48.6,24,40,13,2,52,3.05,27,0.24,1,53,32,67,46,32,6,26,11,850,26,127,436,300,36,79,26,62.0,465,1321,38,26,8,53,39,515,69,35,33,3,41,77,17,35,32.7,€30.7M
Flynn Downes,eng ENG,MF,Southampton,26-108,24,22,1881.0,1,0,10,0,0.6,1.1,25,63,28,0.05,0.0,0.03,0.05,N/a,N/a,N/a,N/a,30.0,0.14,0.1,18.7,890,90.1,13048,92.7,92.1,68.8,15,54,12,0,63,1.44,26,0.1,1,44,24,32,18,24,6,18,30,1184,77,351,632,210,21,15,5,46.7,567,1610,25,21,4,13,17,840,28,46,35,0,3,75,14,13,51.9,€9.2M
Gabriel Magalhães,br BRA,DF,Arsenal,27-140,28,28,2363.0,3,1,4,0,2.6,0.9,10,126,11,0.11,0.04,0.1,0.03,N/a,N/a,N/a,N/a,22.7,0.19,0.14,9.5,1480,90.2,25788,96.9,94.2,53.9,13,145,8,0,126,1.33,31,0.23,4,25,15,16,4,42,29,13,16,1873,189,672,985,225,40,5,4,20.0,1116,2669,10,22,0,9,2,1366,11,19,19,0,9,63,53,37,58.9,
Gabriel Martinelli,br BRA,"FW,MF",Arsenal,23-324,30,22,2041.0,7,4,1,0,5.9,4.7,112,47,267,0.31,0.18,0.26,0.21,N/a,N/a,N/a,N/a,42.6,0.88,0.15,13.3,446,71.0,6480,83.5,69.8,49.0,37,11,32,13,47,2.91,50,0.26,3,20,15,23,16,10,0,10,4,889,15,87,229,586,168,106,32,54.7,597,2355,112,30,59,49,33,678,267,14,20,8,83,72,15,30,33.3,€62.6M
Georginio Rutter,fr FRA,"MF,FW",Brighton,23-018,28,19,1656.0,5,3,2,0,4.6,2.5,42,67,79,0.27,0.16,0.25,0.14,N/a,N/a,N/a,N/a,24.0,0.65,0.1,15.5,237,66.8,3344,77.0,66.7,62.5,19,30,16,1,67,3.47,37,0.43,3,39,15,36,22,20,3,17,10,641,20,83,246,326,79,71,27,47.9,361,1405,42,36,16,45,37,411,79,34,45,7,9,66,25,46,35.2,€41.3M
Guglielmo Vicario,it ITA,GK,Tottenham,28-213,23,23,2070.0,0,0,1,0,0.0,0.0,0,1,0,0.0,0.0,0.0,0.0,1.43,64.9,17.4,,,0.0,,,737,87.6,14516,99.1,97.0,49.1,0,1,0,0,1,0.17,4,0.0,0,0,0,0,0,0,0,0,1,892,599,874,18,0,0,1,1,0.0,636,1635,0,0,0,0,0,577,0,0,2,0,0,32,9,0,100.0,€41.6M
Guido Rodríguez,ar ARG,MF,West Ham,31-026,20,14,1018.0,0,0,5,0,0.2,0.1,2,31,5,0.0,0.0,0.02,0.01,N/a,N/a,N/a,N/a,12.5,0.09,0.0,27.8,419,84.1,7149,87.4,91.4,62.7,3,36,1,0,31,0.88,8,0.0,0,30,16,30,16,21,9,12,12,617,42,196,366,56,2,3,2,0.0,284,392,2,5,0,2,6,354,5,15,11,1,4,46,8,7,53.3,€13.6M
Harry Maguire,eng ENG,DF,Manchester Utd,32-064,24,17,1539.0,1,0,7,0,1.4,0.3,6,43,7,0.06,0.0,0.08,0.01,N/a,N/a,N/a,N/a,41.7,0.29,0.08,7.9,833,85.9,15479,91.8,90.6,57.1,6,43,3,0,43,0.99,12,0.0,0,26,13,18,5,14,12,2,37,1147,137,572,525,65,38,5,2,60.0,677,1673,6,7,3,7,2,739,7,17,9,1,3,57,52,22,70.3,€13.7M
Harry Wilson,wls WAL,"FW,MF",Fulham,28-047,22,10,1003.0,5,1,2,0,3.7,1.1,17,48,83,0.45,0.09,0.33,0.1,N/a,N/a,N/a,N/a,34.4,0.99,0.16,17.3,297,73.9,4995,85.4,78.5,42.9,19,25,13,1,48,3.32,27,0.27,2,14,9,15,6,13,1,12,5,516,9,67,185,273,48,24,9,41.7,299,693,17,18,8,14,5,342,83,10,20,1,38,50,4,18,18.2,€14.5M
Harry Winks,eng ENG,MF,Leicester City,29-095,22,17,1538.0,0,2,4,0,0.2,1.2,19,101,11,0.0,0.12,0.01,0.07,N/a,N/a,N/a,N/a,40.0,0.23,0.0,29.2,910,87.1,14101,92.2,91.2,57.9,17,110,7,5,101,2.28,29,0.18,2,24,11,30,17,19,7,12,9,1158,49,275,746,151,1,12,3,66.7,696,1522,19,13,0,13,8,827,11,9,13,0,34,106,8,6,57.1,€11.4M
Harvey Barnes,eng ENG,FW,Newcastle Utd,27-150,30,14,1503.0,9,4,0,0,6.6,3.9,80,72,172,0.54,0.24,0.39,0.23,N/a,N/a,N/a,N/a,32.7,1.08,0.16,15.0,420,78.8,5863,87.3,73.5,63.2,23,22,36,8,72,3.4,40,0.54,6,16,9,10,7,7,1,6,6,709,15,84,232,398,109,58,22,50.0,498,2160,80,41,44,26,20,567,172,11,20,5,41,49,5,14,26.3,€41.5M
Ian Maatsen,nl NED,DF,Aston Villa,23-059,26,8,957.0,1,2,2,0,0.8,2.7,27,40,91,0.09,0.19,0.07,0.25,N/a,N/a,N/a,N/a,29.4,0.47,0.06,22.3,530,81.8,8558,88.4,86.5,54.3,18,20,15,3,40,4.6,36,0.66,6,27,15,22,6,11,0,11,15,797,47,216,294,297,41,23,11,52.2,429,1037,27,15,11,20,21,486,91,9,9,3,48,61,8,6,57.1,€40.6M
Ibrahima Konaté,fr FRA,DF,Liverpool,25-348,28,27,2320.0,1,2,5,0,1.7,1.0,21,103,3,0.04,0.08,0.07,0.04,N/a,N/a,N/a,N/a,16.7,0.12,0.06,10.5,1581,90.3,29259,93.7,95.1,55.7,10,125,8,0,103,1.16,25,0.27,6,36,25,34,10,27,15,12,12,2005,211,854,1047,110,22,4,2,25.0,1184,3160,21,13,0,8,2,1454,3,26,18,0,0,86,72,28,72.0,€57.2M
Idrissa Gana Gueye,sn SEN,MF,Everton,35-224,34,32,2794.0,0,3,8,0,1.1,1.7,26,134,24,0.0,0.1,0.03,0.05,N/a,N/a,N/a,N/a,18.5,0.16,0.0,25.2,1116,86.5,18814,90.9,90.7,71.8,19,136,10,3,134,1.8,48,0.1,3,124,74,90,36,45,9,36,44,1640,69,385,943,321,20,36,17,47.2,781,1611,26,27,4,32,33,943,24,51,41,0,7,180,23,15,60.5,€5M
Igor,br BRA,DF,Brighton,27-090,12,9,903.0,0,0,4,0,0.0,0.2,9,44,0,0.0,0.0,0.0,0.02,N/a,N/a,N/a,N/a,0.0,0.0,0.0,14.1,628,92.1,11358,96.5,95.2,71.4,1,35,2,1,44,1.1,10,0.0,0,4,4,10,6,23,14,9,4,764,109,377,353,38,1,4,3,25.0,497,1782,9,14,0,1,0,568,0,9,6,0,2,40,8,6,57.1,
Iliman Ndiaye,sn SEN,FW,Everton,25-063,30,27,2252.0,7,0,3,0,5.2,1.6,81,50,115,0.28,0.0,0.21,0.06,N/a,N/a,N/a,N/a,40.6,0.52,0.16,17.4,543,80.8,8134,86.1,86.1,68.0,17,35,14,5,50,2.36,45,0.2,3,48,25,45,26,27,5,22,17,1000,34,202,411,435,77,137,63,46.7,575,2221,81,41,30,49,43,612,115,24,47,5,38,163,6,19,24.0,€25.7M
Illia Zabarnyi,ua UKR,DF,Bournemouth,22-249,33,32,2842.0,0,0,3,1,1.1,0.6,25,128,4,0.0,0.0,0.03,0.02,N/a,N/a,N/a,N/a,0.0,0.0,0.0,9.8,1262,81.6,26615,90.5,90.8,52.8,11,134,6,0,128,0.89,25,0.0,0,46,32,44,14,33,20,13,38,1869,218,860,961,69,13,8,5,25.0,1158,4451,25,20,0,14,3,1168,4,18,6,0,5,143,72,40,64.3,€58.8M
Ismaila Sarr,sn SEN,"MF,FW",Crystal Palace,27-072,35,27,2482.0,7,4,4,0,9.1,7.1,69,79,169,0.25,0.15,0.33,0.26,N/a,N/a,N/a,N/a,50.0,0.91,0.14,13.2,459,66.2,6835,74.0,71.0,46.8,39,27,39,9,79,3.66,74,0.36,7,21,10,23,16,24,8,16,9,1007,43,165,377,475,124,55,17,52.7,555,1930,69,42,26,64,42,684,169,13,54,11,55,103,32,46,41.0,
Issa Diop,fr FRA,DF,Fulham,28-119,21,15,1339.0,0,0,2,0,0.5,0.1,6,25,3,0.0,0.0,0.04,0.01,N/a,N/a,N/a,N/a,40.0,0.13,0.0,10.7,663,87.5,12350,92.5,92.9,52.9,3,43,1,0,25,0.4,5,0.0,0,26,12,18,5,10,7,3,9,903,125,498,381,26,13,2,1,50.0,533,1216,6,2,0,9,2,617,3,10,4,0,1,45,20,12,62.5,€17.9M
Jack Clarke,eng ENG,"FW,MF",Ipswich Town,24-166,29,11,1056.0,0,4,2,0,1.0,2.0,32,35,47,0.0,0.34,0.08,0.17,N/a,N/a,N/a,N/a,14.3,0.17,0.0,19.4,266,76.4,4343,86.8,86.0,48.3,23,25,6,0,35,3.41,34,0.43,4,28,17,32,16,6,0,6,7,486,22,115,198,187,32,42,22,33.3,272,1015,32,18,9,20,18,293,47,15,21,3,13,67,7,14,33.3,€19.4M
Jack Harrison,eng ENG,FW,Everton,28-169,31,22,1900.0,1,0,0,0,3.3,3.7,64,45,116,0.05,0.0,0.16,0.17,N/a,N/a,N/a,N/a,22.2,0.28,0.04,16.3,379,63.1,6064,81.5,68.1,34.3,32,26,25,11,45,2.51,37,0.19,1,30,21,40,26,18,2,16,9,871,31,144,305,429,62,72,23,56.9,479,1491,64,34,14,50,37,562,116,13,26,4,118,65,4,26,13.3,€17.7M
Jack Hinshelwood,eng ENG,"DF,MF",Brighton,20-027,23,21,1744.0,2,2,5,0,1.5,1.3,18,63,47,0.1,0.1,0.08,0.07,N/a,N/a,N/a,N/a,42.9,0.31,0.14,14.3,828,83.4,12560,91.4,84.1,52.9,15,33,9,2,63,1.7,27,0.15,3,26,18,27,16,8,3,5,15,1137,50,316,528,299,27,11,2,72.7,565,1142,18,20,2,16,3,714,47,16,7,0,26,58,19,15,55.9,€9.2M
Jack Stephens,eng ENG,DF,Southampton,31-101,17,15,1209.0,1,0,2,2,0.6,0.2,13,53,2,0.07,0.0,0.04,0.01,N/a,N/a,N/a,N/a,50.0,0.15,0.25,11.0,786,92.0,13687,92.9,94.5,83.0,3,47,5,0,53,0.97,13,0.0,0,32,19,27,12,15,10,5,11,976,109,403,482,95,11,4,0,100.0,552,1209,13,12,1,3,3,690,2,12,4,1,1,41,6,8,42.9,€1.4M
Jacob Greaves,eng ENG,DF,Ipswich Town,24-238,22,22,1935.0,1,0,5,0,1.2,0.0,7,53,8,0.05,0.0,0.06,0.0,N/a,N/a,N/a,N/a,50.0,0.19,0.13,8.3,827,86.2,13641,93.1,89.5,41.9,2,63,1,0,53,0.6,12,0.0,0,36,19,33,12,36,24,12,18,1202,253,649,482,75,17,3,2,33.3,538,969,7,9,0,8,2,739,8,12,19,1,1,48,65,38,63.1,€25.1M
Jacob Murphy,eng ENG,FW,Newcastle Utd,30-073,32,28,2139.0,8,11,3,0,5.7,8.1,70,67,216,0.34,0.46,0.24,0.34,N/a,N/a,N/a,N/a,35.7,0.63,0.19,18.2,611,68.3,9226,83.8,67.5,42.4,38,49,35,14,67,3.07,57,0.59,13,22,15,31,15,31,0,31,11,1140,21,162,421,568,88,64,31,46.9,665,2081,70,31,25,30,34,824,216,11,14,3,110,92,4,15,21.1,€17.9M
Jacob Ramsey,eng ENG,"FW,MF",Aston Villa,23-345,27,18,1516.0,1,3,2,0,1.5,2.3,57,67,105,0.06,0.18,0.09,0.13,N/a,N/a,N/a,N/a,22.2,0.24,0.06,16.7,479,85.4,6395,91.5,84.9,75.0,20,31,21,1,67,3.03,40,0.47,7,30,15,20,10,21,3,18,7,726,12,136,259,344,67,42,24,23.8,474,1631,57,31,19,39,21,552,105,12,25,5,10,77,6,10,37.5,€45.8M
Jadon Sancho,eng ENG,FW,Chelsea,25-044,29,18,1687.0,3,4,2,0,2.2,3.6,98,87,218,0.16,0.21,0.12,0.19,N/a,N/a,N/a,N/a,33.3,0.43,0.13,15.1,631,82.5,8571,89.1,84.2,51.9,36,26,47,0,87,3.57,60,0.53,9,10,6,12,7,9,0,9,2,926,11,115,269,552,119,95,45,40.0,626,2374,98,33,56,29,21,726,218,6,11,6,23,97,5,10,33.3,€37.7M
Jake O'Brien,ie IRL,DF,Everton,23-358,18,15,1391.0,2,0,5,0,0.7,0.6,7,43,24,0.13,0.0,0.05,0.04,N/a,N/a,N/a,N/a,60.0,0.19,0.4,11.5,509,78.3,9400,88.7,80.1,64.0,6,41,8,5,43,1.04,14,0.0,0,24,16,24,8,16,4,12,4,805,69,321,352,135,18,10,4,50.0,356,743,7,6,2,5,5,428,24,13,4,3,18,51,33,27,55.0,€19.7M
James Garner,eng ENG,"MF,DF",Everton,24-056,18,14,1324.0,0,1,3,0,0.3,1.3,12,46,22,0.0,0.07,0.02,0.09,N/a,N/a,N/a,N/a,28.6,0.14,0.0,24.1,504,75.0,8821,85.2,83.5,46.5,12,50,6,3,46,2.24,24,0.34,4,41,27,35,16,15,3,12,17,819,36,196,417,213,9,16,6,62.5,399,684,12,15,1,12,7,451,22,18,14,0,52,64,10,8,55.6,€23.2M
James Justin,eng ENG,DF,Leicester City,27-074,33,31,2669.0,2,1,5,0,1.5,0.6,39,87,92,0.07,0.03,0.05,0.02,N/a,N/a,N/a,N/a,25.0,0.2,0.08,16.0,1093,77.8,16878,86.8,84.3,34.9,13,74,21,7,87,1.05,20,0.03,1,49,29,51,23,41,14,27,44,1775,134,616,804,365,37,30,9,43.3,797,1672,39,25,4,31,13,989,92,23,37,2,53,79,61,48,56.0,€17M
James Maddison,eng ENG,MF,Tottenham,28-166,31,21,1809.0,9,7,6,0,5.8,4.2,45,164,95,0.45,0.35,0.29,0.21,N/a,N/a,N/a,N/a,43.6,0.85,0.23,16.7,1021,81.3,16664,90.9,86.2,46.3,41,123,32,5,164,4.73,66,0.9,12,31,19,29,20,15,4,11,12,1464,26,210,691,576,77,77,33,44.2,1026,2279,45,39,20,23,25,1125,95,32,64,4,98,76,5,7,41.7,€58.1M
James Tarkowski,eng ENG,DF,Everton,32-170,33,33,2922.0,1,1,6,0,1.3,2.9,9,75,3,0.03,0.03,0.04,0.09,N/a,N/a,N/a,N/a,26.7,0.12,0.07,8.4,1045,81.0,22119,84.5,91.9,62.7,16,83,11,0,75,1.17,32,0.12,4,64,40,39,15,57,42,15,41,1706,355,974,635,106,57,7,5,28.6,727,1943,9,10,0,13,7,927,3,35,28,2,1,98,102,33,75.6,€11.8M
Jamie Vardy,eng ENG,FW,Leicester City,38-117,33,33,2655.0,8,3,5,0,10.7,2.9,27,20,110,0.27,0.1,0.36,0.1,N/a,N/a,N/a,N/a,42.3,0.75,0.13,12.4,243,66.8,3497,74.0,77.7,68.4,18,10,9,1,20,1.49,31,0.3,4,18,13,13,9,8,4,4,5,555,29,57,255,248,105,21,9,47.6,264,645,27,11,14,34,12,356,110,22,21,25,11,35,49,51,49.0,€1M
Jan Bednarek,pl POL,DF,Southampton,29-026,29,29,2441.0,2,0,7,0,0.7,0.5,5,59,2,0.07,0.0,0.02,0.02,N/a,N/a,N/a,N/a,40.0,0.07,0.4,16.0,1547,92.7,27450,95.4,94.7,76.5,5,72,1,0,59,0.59,15,0.0,0,35,18,30,15,44,33,11,54,2011,365,1060,917,41,15,3,3,0.0,1035,1731,5,5,1,9,3,1294,2,31,12,0,1,106,68,36,65.4,€12.9M
Jan Paul van Hecke,nl NED,DF,Brighton,24-334,31,30,2688.0,1,1,8,1,1.3,1.5,53,216,5,0.03,0.03,0.04,0.05,N/a,N/a,N/a,N/a,31.3,0.17,0.06,14.1,1839,87.9,36200,93.1,93.0,65.4,13,207,16,4,216,1.61,42,0.1,3,40,26,38,18,32,19,13,23,2373,250,1006,1233,154,30,11,5,36.4,1572,6740,53,42,0,12,7,1665,5,23,23,0,11,120,78,48,61.9,€42.4M
Jannik Vestergaard,dk DEN,DF,Leicester City,32-278,18,16,1391.0,0,0,5,0,0.1,0.1,3,32,2,0.0,0.0,0.01,0.01,N/a,N/a,N/a,N/a,66.7,0.13,0.0,9.7,870,90.7,14697,95.0,93.7,59.3,3,34,1,0,32,0.45,6,0.0,0,22,10,15,6,21,14,7,16,1092,196,572,497,28,10,4,4,0.0,672,1458,3,3,0,2,0,757,2,12,4,0,0,46,26,19,57.8,€2M
Jarrad Branthwaite,eng ENG,DF,Everton,22-315,28,26,2348.0,0,1,4,0,1.1,0.7,9,61,2,0.0,0.04,0.04,0.03,N/a,N/a,N/a,N/a,37.5,0.11,0.0,8.2,909,82.2,17777,90.3,90.5,55.3,3,80,2,0,61,0.5,11,0.08,1,36,20,27,7,30,22,8,23,1413,198,735,622,63,23,5,3,20.0,694,2253,9,13,2,8,3,826,2,10,17,1,5,84,53,38,58.2,€32.2M
Jarrod Bowen,eng ENG,"FW,MF",West Ham,28-139,31,31,2721.0,10,7,1,0,8.0,6.3,98,86,188,0.33,0.23,0.26,0.21,N/a,N/a,N/a,N/a,41.0,1.06,0.12,17.4,517,71.4,8610,83.0,76.4,55.6,49,37,43,7,86,3.44,63,0.43,9,37,24,37,20,21,3,18,16,1123,25,125,415,607,154,116,40,56.9,667,2311,98,43,56,68,70,736,188,19,49,10,101,120,12,46,20.7,€48.1M
Jean-Clair Todibo,fr FRA,DF,West Ham,25-129,24,17,1564.0,0,0,2,0,0.2,0.0,9,31,5,0.0,0.0,0.01,0.0,N/a,N/a,N/a,N/a,0.0,0.0,0.0,14.6,788,87.4,14042,93.5,94.0,44.4,2,40,1,0,31,0.29,4,0.0,0,40,24,33,8,24,12,12,21,1090,146,603,452,44,10,14,7,50.0,623,1363,9,5,0,13,9,735,5,11,5,0,3,65,23,24,48.9,€36M
Jean-Philippe Mateta,fr FRA,FW,Crystal Palace,27-314,34,31,2517.0,14,2,2,0,12.1,3.1,38,47,114,0.5,0.07,0.43,0.11,N/a,N/a,N/a,N/a,41.0,0.89,0.2,15.7,274,64.9,3631,76.3,62.1,31.8,27,32,15,2,47,2.0,38,0.29,3,17,12,16,13,16,3,13,2,695,24,58,333,318,87,43,19,46.5,373,916,38,20,8,70,43,511,114,27,26,17,25,64,60,99,37.7,€31.7M
Jean-Ricner Bellegarde,fr FRA,"MF,FW",Wolves,26-315,32,19,1551.0,2,6,3,0,1.3,3.6,49,39,83,0.12,0.35,0.08,0.21,N/a,N/a,N/a,N/a,25.0,0.29,0.1,21.7,415,78.7,6398,89.2,80.9,56.4,26,27,17,8,39,3.08,33,0.58,8,37,22,19,6,19,3,16,10,756,24,139,339,295,45,60,14,51.7,464,1440,49,35,11,38,25,519,83,29,41,1,40,57,9,18,33.3,€21.3M
Jefferson Lerma,co COL,"MF,DF",Crystal Palace,30-195,30,23,2034.0,0,1,8,0,1.0,1.5,11,86,25,0.0,0.04,0.04,0.06,N/a,N/a,N/a,N/a,29.2,0.31,0.0,19.4,777,75.4,13661,86.7,81.1,46.7,9,83,17,2,86,1.95,35,0.13,3,30,15,33,16,32,15,17,37,1274,95,404,655,225,27,12,6,33.3,597,1004,11,10,0,14,15,747,25,34,36,0,11,139,39,39,50.0,€13.6M
Jens Cajuste,se SWE,MF,Ipswich Town,25-271,27,23,1783.0,1,0,2,0,0.5,0.6,23,46,16,0.05,0.0,0.02,0.03,N/a,N/a,N/a,N/a,10.0,0.05,0.1,21.3,576,82.4,9518,88.9,85.8,50.0,11,45,5,1,46,1.51,23,0.05,0,39,19,47,28,24,9,15,25,911,59,263,477,185,11,46,25,32.6,421,1182,23,21,3,21,14,522,16,21,21,0,9,99,12,21,36.4,€15.5M
Jeremy Doku,be BEL,"FW,MF",Manchester City,22-346,26,15,1397.0,3,6,1,0,1.0,4.4,189,66,259,0.19,0.39,0.07,0.28,N/a,N/a,N/a,N/a,37.5,0.58,0.13,18.2,558,79.3,7829,86.2,82.4,66.7,28,12,44,5,66,4.38,52,0.84,10,28,19,14,7,10,1,9,4,944,4,42,220,705,135,185,102,29.2,731,4355,189,88,90,52,55,786,259,7,31,5,51,57,0,11,0.0,
Jesper Lindstrøm,dk DEN,FW,Everton,25-068,25,15,1239.0,0,1,2,0,2.1,2.0,30,25,81,0.0,0.07,0.15,0.15,N/a,N/a,N/a,N/a,35.7,0.73,0.0,21.0,297,69.4,4593,86.2,65.7,44.6,19,18,12,7,25,3.35,30,0.07,1,45,25,55,36,15,3,12,12,625,22,127,206,303,40,43,8,72.1,302,780,30,19,7,31,24,347,81,15,10,1,71,70,6,12,33.3,€24.4M
Joachim Andersen,dk DEN,DF,Fulham,28-342,26,26,2313.0,0,0,5,1,1.0,0.3,13,105,2,0.0,0.0,0.04,0.01,N/a,N/a,N/a,N/a,100.0,1.0,0.0,25.2,61,73.5,1227,90.5,83.8,42.9,0,9,1,0,4,1.0,1,0.0,0,1,1,2,1,0,0,0,0,93,14,38,50,5,0,0,0,,49,103,1,1,0,0,1,67,1,2,0,0,1,7,2,0,100.0,€31.4M
Joe Aribo,ng NGA,"MF,DF",Southampton,28-291,30,20,1909.0,3,0,1,0,2.7,1.6,35,71,64,0.14,0.0,0.13,0.07,N/a,N/a,N/a,N/a,41.2,0.33,0.18,14.0,878,88.5,13041,91.3,90.9,68.9,16,50,4,1,71,1.75,32,0.05,1,44,30,34,17,24,9,15,20,1203,46,288,632,294,44,46,18,47.8,708,1923,35,28,12,25,16,879,64,20,28,1,10,110,25,21,54.3,€6.9M
Joe Willock,eng ENG,"MF,FW",Newcastle Utd,25-261,30,11,1026.0,0,2,3,0,1.6,1.9,36,38,82,0.0,0.18,0.14,0.17,N/a,N/a,N/a,N/a,17.6,0.26,0.0,15.4,281,82.4,4022,88.6,87.0,45.5,21,25,8,0,38,3.86,35,0.35,4,28,16,29,11,24,6,18,6,503,12,73,214,227,51,34,12,47.1,302,984,36,27,14,35,23,347,82,22,13,3,16,40,5,14,26.3,€35.8M
Joelinton,br BRA,"MF,FW",Newcastle Utd,28-267,29,29,2393.0,4,3,10,0,3.9,2.5,40,116,110,0.15,0.11,0.15,0.09,N/a,N/a,N/a,N/a,28.9,0.49,0.09,14.0,863,82.7,12199,87.7,86.6,60.0,23,80,17,2,116,2.29,46,0.34,7,57,35,44,19,37,7,30,23,1360,67,256,670,448,83,46,15,60.9,729,1786,40,26,9,39,53,934,110,58,35,7,16,149,59,46,56.2,€47.5M
John McGinn,sct SCO,"MF,FW",Aston Villa,30-202,31,25,2052.0,1,4,7,0,2.9,3.4,31,96,72,0.04,0.18,0.13,0.15,N/a,N/a,N/a,N/a,19.2,0.22,0.04,16.2,658,82.5,11150,91.5,86.4,59.0,29,66,27,7,96,2.98,52,0.31,6,31,22,27,16,21,2,19,14,999,28,158,532,319,52,44,18,27.3,547,1194,31,16,6,33,25,700,72,43,67,3,54,94,16,11,59.3,€22.5M
Jordan Ayew,gh GHA,"FW,MF",Leicester City,33-239,27,16,1425.0,5,0,5,0,3.0,1.0,42,37,77,0.32,0.0,0.19,0.06,N/a,N/a,N/a,N/a,0.0,0.0,0.0,5.5,8,80.0,167,100.0,66.7,100.0,1,0,0,0,0,4.29,1,0.0,0,1,0,0,0,0,0,0,0,12,0,0,7,5,1,0,0,,6,12,0,0,0,0,1,9,1,1,0,0,1,1,1,1,50.0,€4.2M
Jordan Pickford,eng ENG,GK,Everton,31-062,35,35,3150.0,0,1,7,0,0.0,0.4,0,0,0,0.0,0.03,0.0,0.01,1.23,71.1,28.6,100.0,,0.0,,,971,66.5,30852,99.3,98.4,46.3,2,68,8,0,0,0.34,11,0.06,2,1,0,2,1,0,0,0,1,1561,1009,1494,68,0,0,0,0,,895,3246,0,0,0,2,0,788,0,0,7,0,0,31,4,1,80.0,€22.6M
Joshua Zirkzee,nl NED,"FW,MF",Manchester Utd,23-351,32,14,1402.0,3,1,2,0,4.8,1.5,14,44,69,0.19,0.06,0.31,0.1,N/a,N/a,N/a,N/a,39.3,0.71,0.11,13.1,292,71.2,3600,78.1,74.4,50.0,12,26,6,0,44,1.99,28,0.19,1,14,8,10,5,15,4,11,6,587,16,71,303,219,56,35,11,68.6,327,523,14,21,4,41,30,418,69,9,13,3,4,57,21,54,28.0,€43.7M
José Sá,pt POR,GK,Wolves,32-111,27,27,2430.0,0,0,2,0,0.0,0.1,0,2,0,0.0,0.0,0.0,0.01,1.67,62.0,25.9,33.3,,0.0,,,544,63.8,14150,99.1,97.1,30.8,2,18,1,0,2,0.15,4,0.0,0,2,2,2,0,0,0,0,0,911,725,903,9,0,0,7,7,0.0,565,2205,0,0,0,1,0,450,0,4,8,0,0,31,9,1,90.0,€8.5M
João Gomes,br BRA,MF,Wolves,24-085,33,33,2781.0,3,1,10,1,2.7,1.2,53,148,68,0.1,0.03,0.09,0.04,N/a,N/a,N/a,N/a,21.2,0.23,0.09,18.1,1262,84.9,18027,91.0,85.6,60.7,22,107,22,1,148,2.01,49,0.1,3,105,62,102,60,42,4,38,25,1843,59,404,1014,451,42,57,26,43.9,957,2593,53,50,6,38,49,1230,68,67,41,1,27,178,9,24,27.3,€51.1M
João Pedro,br BRA,"FW,MF",Brighton,23-224,27,23,1948.0,10,6,4,1,8.9,5.0,66,78,128,0.46,0.28,0.41,0.23,N/a,N/a,N/a,N/a,35.7,0.69,0.12,17.2,482,72.9,6847,78.7,75.1,65.9,30,42,36,5,78,3.32,56,0.42,6,16,12,11,7,12,0,12,9,940,12,60,387,508,122,86,29,54.7,616,1821,66,39,30,72,38,732,128,26,46,2,22,59,41,43,48.8,€61.3M
Joël Veltman,nl NED,DF,Brighton,33-113,20,19,1665.0,0,0,4,0,0.5,0.5,30,80,32,0.0,0.0,0.03,0.02,N/a,N/a,N/a,N/a,16.7,0.05,0.0,19.7,719,79.9,12118,89.9,80.4,63.3,6,62,8,5,80,1.19,15,0.05,0,42,28,51,21,22,7,15,18,1102,65,328,544,240,10,15,4,33.3,526,1448,30,22,3,19,7,599,32,27,42,0,23,68,21,18,53.8,€5.7M
Joško Gvardiol,hr CRO,DF,Manchester City,23-105,34,33,3007.0,5,0,2,0,4.4,2.0,81,251,98,0.15,0.0,0.13,0.06,N/a,N/a,N/a,N/a,29.7,0.33,0.14,13.0,2321,90.9,37878,94.4,93.2,68.9,25,237,20,1,251,2.07,64,0.21,6,51,34,37,18,40,20,20,38,2903,142,725,1474,727,85,40,23,35.0,1886,5715,81,92,13,25,16,2132,98,13,23,2,19,132,48,33,59.3,€78.7M
Jurriën Timber,nl NED,DF,Arsenal,23-325,30,27,2417.0,1,3,7,0,1.2,0.8,57,146,104,0.04,0.11,0.05,0.03,N/a,N/a,N/a,N/a,28.6,0.15,0.07,14.1,1194,85.6,17327,91.0,86.0,52.9,17,107,17,2,146,1.94,46,0.34,8,58,38,27,9,19,4,15,22,1661,51,304,859,505,66,53,24,45.3,890,2076,57,27,11,33,24,1052,104,31,29,6,28,94,22,20,52.4,
Justin Kluivert,nl NED,"MF,FW",Bournemouth,26-003,31,27,2161.0,12,6,8,0,10.0,4.8,74,95,153,0.5,0.25,0.42,0.2,N/a,N/a,N/a,N/a,41.5,0.92,0.11,20.4,533,74.3,8212,83.6,76.7,53.1,45,41,32,6,95,3.95,69,0.46,10,21,9,21,17,24,0,24,13,996,23,93,342,581,115,82,33,47.6,594,2161,74,52,34,50,26,653,153,42,29,5,80,73,7,25,21.9,€44.8M
Jørgen Strand Larsen,no NOR,FW,Wolves,25-091,32,29,2463.0,13,2,4,0,10.0,2.4,16,28,106,0.48,0.07,0.37,0.09,N/a,N/a,N/a,N/a,60.4,1.17,0.25,11.4,272,63.1,3547,70.5,63.2,70.0,19,18,4,1,28,1.46,31,0.18,5,9,6,27,23,18,4,14,5,695,34,83,329,284,104,17,7,58.8,328,446,16,13,9,88,32,507,106,46,18,14,6,42,66,96,40.7,€30.8M
Kai Havertz,de GER,"FW,MF",Arsenal,25-331,21,21,1839.0,9,3,4,0,9.4,2.4,34,59,110,0.44,0.15,0.46,0.12,N/a,N/a,N/a,N/a,40.4,1.03,0.17,11.7,401,78.5,4833,84.1,82.5,45.5,16,26,8,1,59,2.01,34,0.15,2,16,9,15,11,22,4,18,6,768,31,88,282,403,103,38,9,63.2,411,922,34,23,18,42,22,575,110,36,21,14,11,39,62,73,45.9,
Kalvin Phillips,eng ENG,MF,Ipswich Town,29-157,19,14,1237.0,0,0,6,1,0.4,0.2,4,51,4,0.0,0.0,0.03,0.02,N/a,N/a,N/a,N/a,18.2,0.15,0.0,24.3,436,79.1,8581,83.1,86.7,61.2,5,49,6,1,51,1.24,13,0.22,3,35,19,39,24,35,6,29,19,739,61,223,398,122,5,12,5,50.0,310,569,4,5,0,25,10,394,4,28,20,0,20,68,7,22,24.1,€17.2M
Kamaldeen Sulemana,gh GHA,"FW,MF",Southampton,23-082,23,14,1178.0,1,1,2,0,1.4,1.0,57,26,76,0.08,0.08,0.1,0.08,N/a,N/a,N/a,N/a,30.8,0.61,0.04,18.8,253,79.8,3667,89.4,82.4,44.4,10,6,13,7,26,2.14,15,0.23,1,16,14,13,5,9,0,9,6,509,13,65,190,272,50,92,33,55.4,331,1409,57,34,23,37,22,358,76,19,10,2,25,52,9,21,30.0,€18.5M
Kaoru Mitoma,jp JPN,"FW,MF",Brighton,27-353,33,28,2521.0,9,3,1,0,8.8,4.4,138,82,277,0.32,0.11,0.31,0.16,N/a,N/a,N/a,N/a,46.3,0.89,0.17,13.9,701,75.3,9130,86.9,70.5,44.0,35,34,32,8,82,2.96,69,0.29,7,43,26,46,28,46,3,43,13,1300,15,149,445,734,156,127,49,57.5,786,3663,138,76,55,49,22,911,277,39,23,5,72,92,24,27,47.1,€50.6M
Keane Lewis-Potter,eng ENG,"DF,FW",Brentford,24-075,35,33,2839.0,1,3,6,0,2.6,3.0,92,90,144,0.03,0.1,0.08,0.1,N/a,N/a,N/a,N/a,51.9,0.44,0.04,20.5,900,77.3,14851,89.6,79.4,48.8,23,61,41,14,90,2.12,53,0.25,6,44,26,44,18,24,9,15,19,1473,94,450,573,469,69,97,39,50.5,783,2971,92,63,34,43,19,878,144,16,29,4,71,136,26,34,43.3,€27.1M
Kenny Tete,nl NED,DF,Fulham,29-211,19,18,1504.0,0,2,4,0,1.2,0.9,33,50,47,0.0,0.12,0.07,0.05,N/a,N/a,N/a,N/a,9.1,0.12,0.0,16.1,669,81.3,10740,91.7,80.3,61.8,7,60,9,6,50,1.91,24,0.18,3,50,34,34,14,22,6,16,29,1033,58,332,422,287,32,19,8,31.6,534,1229,33,20,7,16,10,596,47,28,14,1,29,65,18,12,60.0,€14M
Kepa Arrizabalaga,es ESP,GK,Bournemouth,30-217,28,28,2520.0,0,0,3,0,0.1,0.0,0,2,0,0.0,0.0,0.0,0.0,1.25,75.4,25.0,0.0,0.0,0.0,0.0,9.7,671,71.9,18595,98.1,98.3,47.8,1,9,0,0,2,0.14,2,0.0,0,1,0,2,2,1,0,1,0,990,732,961,28,1,1,1,1,0.0,557,1588,0,0,0,0,0,435,0,2,5,0,0,52,7,1,87.5,€12M
Kevin De Bruyne,be BEL,"MF,FW",Manchester City,33-314,25,17,1538.0,4,7,2,0,3.8,7.6,47,135,137,0.23,0.41,0.22,0.44,N/a,N/a,N/a,N/a,28.6,0.82,0.08,21.7,799,76.0,13542,85.5,76.8,57.8,51,80,51,11,135,6.08,67,0.64,9,17,9,23,18,8,0,8,7,1210,10,73,408,739,71,32,12,50.0,711,1860,47,45,18,24,26,907,137,16,16,5,122,56,4,15,21.1,€20.1M
Kevin Schade,de GER,FW,Brentford,23-162,35,23,2069.0,10,2,3,0,7.7,3.4,56,32,146,0.43,0.09,0.33,0.15,N/a,N/a,N/a,N/a,46.0,1.0,0.2,11.6,290,58.2,4497,68.4,60.1,42.9,20,29,9,3,32,2.18,29,0.39,5,35,23,20,8,17,2,15,5,804,37,135,221,463,129,81,29,56.8,399,1275,56,26,35,54,34,497,146,20,33,13,36,78,81,65,55.5,€29.7M
Kieran Trippier,eng ENG,DF,Newcastle Utd,34-231,24,14,1281.0,0,3,1,0,0.1,1.3,25,111,53,0.0,0.21,0.01,0.09,N/a,N/a,N/a,N/a,0.0,0.0,0.0,22.2,1000,82.1,17045,94.3,85.3,47.6,19,67,20,2,111,3.51,30,0.42,4,37,20,35,14,11,3,8,12,1347,50,373,594,389,12,8,4,50.0,587,1158,25,14,4,11,8,818,53,16,11,2,79,65,21,15,58.3,€5.1M
Kobbie Mainoo,eng ENG,MF,Manchester Utd,20-019,22,18,1506.0,0,0,5,0,0.6,1.6,21,59,42,0.0,0.0,0.03,0.09,N/a,N/a,N/a,N/a,15.4,0.12,0.0,20.8,663,86.3,8794,92.1,87.6,70.7,14,46,9,0,59,1.79,25,0.12,2,42,25,36,14,16,2,14,19,980,24,183,555,251,33,49,23,49.0,602,1131,21,14,10,34,34,696,42,27,19,2,5,79,19,27,41.3,€66M
Konstantinos Mavropanos,gr GRE,DF,West Ham,27-148,31,20,1947.0,0,0,6,1,1.5,0.5,16,60,2,0.0,0.0,0.07,0.02,N/a,N/a,N/a,N/a,27.8,0.23,0.0,14.8,1013,85.8,19974,91.0,92.3,58.4,5,60,4,1,60,0.74,12,0.0,0,32,22,25,11,23,17,6,38,1432,221,746,632,62,24,17,9,29.4,794,2124,16,10,1,12,0,936,2,17,14,3,2,68,56,24,70.0,€19.1M
Kristoffer Ajer,no NOR,DF,Brentford,27-021,22,17,1405.0,0,0,5,0,0.8,1.2,27,54,42,0.0,0.0,0.05,0.08,N/a,N/a,N/a,N/a,37.5,0.19,0.0,10.2,489,78.1,7626,86.7,79.7,49.1,8,42,7,4,54,1.15,15,0.13,2,25,17,26,12,17,4,13,12,773,52,260,359,160,35,16,7,50.0,378,1172,27,11,2,15,12,481,42,12,6,1,14,42,27,22,55.1,€21.5M
Kyle Walker,eng ENG,DF,Manchester City,34-345,15,9,970.0,0,0,3,0,0.1,0.4,12,64,11,0.0,0.0,0.01,0.04,N/a,N/a,N/a,N/a,40.0,0.19,0.0,27.7,724,87.7,11928,94.6,91.3,51.2,7,63,7,4,64,1.58,17,0.0,0,17,10,26,12,13,4,9,3,892,26,197,473,228,5,6,3,33.3,499,1106,12,13,0,9,2,630,11,6,5,1,14,46,9,7,56.3,
Kyle Walker-Peters,eng ENG,DF,Southampton,28-025,33,33,2918.0,0,2,5,0,0.8,2.8,114,139,144,0.0,0.06,0.03,0.09,N/a,N/a,N/a,N/a,30.0,0.19,0.0,18.3,1493,88.2,22418,93.9,90.0,60.2,24,119,30,4,139,1.94,40,0.22,5,44,29,35,19,27,15,12,19,2022,151,615,884,540,59,92,38,42.4,1271,4373,114,72,24,32,39,1433,144,28,52,2,51,135,11,21,34.4,€16.6M
Leandro Trossard,be BEL,FW,Arsenal,30-155,35,26,2354.0,8,5,4,1,6.8,5.3,75,95,207,0.31,0.19,0.26,0.2,N/a,N/a,N/a,N/a,30.9,0.8,0.12,15.9,632,73.7,10332,85.2,76.3,51.2,37,41,43,9,95,3.06,63,0.23,6,26,17,31,22,31,0,31,9,1149,15,120,361,685,143,72,30,44.4,733,1942,75,49,29,57,43,857,207,25,43,6,79,93,6,22,21.4,€31.8M
Leif Davis,eng ENG,DF,Ipswich Town,25-116,31,30,2563.0,1,2,5,1,0.9,4.3,48,55,117,0.04,0.07,0.03,0.15,N/a,N/a,N/a,N/a,14.3,0.07,0.07,20.4,854,71.5,14708,86.0,77.4,37.3,54,30,26,11,55,2.98,42,0.14,3,45,26,46,17,24,8,16,25,1459,115,517,484,477,36,37,13,45.9,659,1940,48,27,10,36,14,770,117,25,30,3,148,111,33,22,60.0,€28.2M
Leny Yoro,fr FRA,DF,Manchester Utd,19-176,20,11,1114.0,0,0,5,0,0.7,0.1,19,52,4,0.0,0.0,0.06,0.01,N/a,N/a,N/a,N/a,20.0,0.08,0.0,8.6,667,92.1,10721,95.3,93.9,65.0,2,43,5,1,52,0.65,5,0.0,0,26,11,17,6,5,3,2,18,847,83,395,385,70,13,4,2,50.0,577,1646,19,13,1,3,4,615,4,9,2,1,1,45,16,15,51.6,€71M
Leon Bailey,jm JAM,"FW,MF",Aston Villa,27-272,23,14,1138.0,1,2,3,0,1.7,1.5,57,35,121,0.08,0.16,0.14,0.12,N/a,N/a,N/a,N/a,21.4,0.47,0.04,17.3,273,70.7,4275,81.4,81.1,47.4,16,16,20,2,35,3.01,23,0.32,4,6,4,10,8,6,0,6,3,539,18,76,155,318,69,57,22,42.1,344,1334,57,22,33,35,25,386,121,12,18,3,34,59,6,9,40.0,€39.2M
Lesley Ugochukwu,fr FRA,MF,Southampton,21-043,24,16,1525.0,1,1,6,0,0.9,1.0,29,49,20,0.06,0.06,0.05,0.06,N/a,N/a,N/a,N/a,10.0,0.06,0.1,17.0,570,84.9,8828,88.2,91.5,59.5,14,52,7,1,49,1.36,19,0.06,0,49,24,33,15,26,9,17,14,838,46,199,478,167,24,26,18,26.9,459,1195,29,15,6,12,13,570,20,28,14,0,6,62,20,17,54.1,€27M
Levi Colwill,eng ENG,DF,Chelsea,22-071,32,32,2879.0,1,1,8,0,1.3,1.1,13,125,11,0.03,0.03,0.04,0.04,N/a,N/a,N/a,N/a,18.8,0.09,0.06,9.9,2211,89.6,40277,92.8,95.3,57.0,14,144,7,3,125,1.19,34,0.09,2,42,30,25,9,35,24,11,32,2728,344,1280,1330,129,35,10,6,40.0,1543,3886,13,11,1,13,8,1996,11,42,19,4,13,110,76,51,59.8,€56.6M
Lewis Cook,eng ENG,"MF,DF",Bournemouth,28-094,34,30,2816.0,1,3,8,0,0.9,4.1,33,153,49,0.03,0.1,0.03,0.13,N/a,N/a,N/a,N/a,28.6,0.13,0.07,23.4,1158,76.8,20150,84.8,85.1,45.5,48,150,26,11,153,2.78,67,0.16,2,80,42,66,30,30,11,19,40,1814,85,427,954,453,19,18,11,38.9,791,2113,33,29,4,29,17,904,49,46,10,3,127,182,40,34,54.1,€19.3M
Lewis Dunk,eng ENG,DF,Brighton,33-168,25,23,2083.0,0,0,5,0,0.8,0.5,20,142,3,0.0,0.0,0.03,0.02,N/a,N/a,N/a,N/a,25.0,0.13,0.0,12.1,1778,91.0,32940,96.4,95.2,62.7,6,157,6,0,142,0.82,17,0.13,2,17,10,19,8,28,18,10,13,2127,258,993,1031,113,21,1,0,100.0,1341,3345,20,19,0,9,3,1556,3,7,11,2,5,104,51,31,62.2,€7.4M
Lewis Hall,eng ENG,DF,Newcastle Utd,20-242,27,24,2189.0,0,4,3,0,0.4,4.3,41,123,80,0.0,0.16,0.02,0.18,N/a,N/a,N/a,N/a,9.1,0.04,0.0,18.8,1300,81.7,21999,91.3,85.1,51.5,34,114,17,5,123,2.59,44,0.25,5,58,41,74,34,33,18,15,18,1820,95,623,804,414,47,21,11,33.3,950,2358,41,22,13,33,20,1094,80,9,21,1,110,119,30,31,49.2,€34.5M
Liam Delap,eng ENG,FW,Ipswich Town,22-089,34,31,2491.0,12,2,10,0,9.3,1.9,60,30,105,0.43,0.07,0.34,0.07,N/a,N/a,N/a,N/a,43.8,1.01,0.16,16.0,211,61.2,2913,70.7,63.5,39.1,21,16,6,0,30,2.24,28,0.25,3,10,7,14,12,8,0,8,2,659,29,78,277,326,89,84,39,42.9,436,1570,60,46,29,99,58,519,105,67,50,13,5,66,53,69,43.4,€37M
Lisandro Martínez,ar ARG,DF,Manchester Utd,27-110,20,20,1751.0,2,1,7,0,1.3,1.1,23,117,7,0.1,0.05,0.07,0.06,N/a,N/a,N/a,N/a,35.3,0.31,0.12,15.9,1200,89.4,20292,94.2,93.0,55.2,9,91,18,2,117,1.34,23,0.1,2,40,24,36,15,22,8,14,32,1524,156,713,697,125,18,7,6,14.3,1017,3129,23,23,2,1,3,1069,7,22,7,0,9,81,16,13,55.2,€49.2M
Lucas Bergvall,se SWE,MF,Tottenham,19-095,27,11,1212.0,0,1,3,0,0.7,0.6,33,49,31,0.0,0.07,0.05,0.04,N/a,N/a,N/a,N/a,16.7,0.15,0.0,19.9,629,87.4,10567,91.9,89.8,74.6,11,53,7,3,49,1.63,16,0.3,3,39,19,32,15,18,8,10,24,885,36,188,478,232,22,45,21,44.4,531,1634,33,21,4,20,19,586,31,20,17,0,21,73,9,8,52.9,€32.6M
Lucas Digne,fr FRA,DF,Aston Villa,31-292,31,27,2261.0,0,4,4,0,0.8,4.4,23,55,140,0.0,0.16,0.03,0.17,N/a,N/a,N/a,N/a,23.1,0.12,0.0,22.7,932,75.2,15153,88.2,78.8,40.1,35,43,29,18,55,2.51,39,0.2,5,63,37,64,21,23,4,19,25,1485,93,520,449,526,28,19,9,47.4,672,1328,23,14,4,17,16,808,140,20,14,7,138,100,35,27,56.5,€13.6M
Lucas Paquetá,br BRA,"MF,FW",West Ham,27-254,31,27,2336.0,4,0,9,0,5.2,3.1,22,145,82,0.15,0.0,0.2,0.12,N/a,N/a,N/a,N/a,7.9,0.12,0.05,19.6,1088,77.3,18064,83.7,79.6,64.4,36,125,43,4,145,3.04,65,0.23,3,66,37,54,27,28,4,24,17,1738,62,360,957,435,57,43,18,46.5,891,1300,22,32,2,53,50,1220,82,52,62,6,28,146,48,57,45.7,€71.2M
Luis Díaz,co COL,FW,Liverpool,28-115,33,26,2225.0,12,5,2,0,10.0,4.9,103,103,269,0.49,0.2,0.4,0.2,N/a,N/a,N/a,N/a,41.5,1.09,0.18,13.5,697,84.3,11124,88.6,86.0,82.4,54,45,43,6,103,4.69,87,0.65,13,33,21,34,21,18,0,18,7,1109,15,78,382,668,155,111,51,43.2,733,2803,103,53,55,51,43,878,269,48,30,10,30,98,12,33,26.7,€71M
Luke Woolfenden,eng ENG,DF,Ipswich Town,26-199,15,12,1187.0,0,0,2,0,0.0,0.0,7,15,0,0.0,0.0,0.0,0.0,N/a,N/a,N/a,N/a,0.0,0.0,0.0,12.9,496,88.3,9196,96.7,93.8,52.7,0,31,0,0,15,0.15,2,0.0,0,9,6,5,3,21,14,7,19,694,147,407,278,9,3,0,0,,368,1249,7,3,0,4,0,442,0,5,2,1,0,38,15,15,50.0,€2M
Mads Hermansen,dk DEN,GK,Leicester City,24-301,27,27,2385.0,0,0,1,0,0.0,0.0,0,1,0,0.0,0.0,0.0,0.0,2.19,64.5,3.7,25.0,,0.0,,,654,61.0,17066,97.4,94.8,32.7,0,20,1,0,1,0.11,3,0.0,0,1,1,1,0,1,0,1,0,1147,831,1106,43,0,0,1,1,0.0,734,1904,0,0,0,1,0,625,0,0,3,0,0,17,4,1,80.0,€19.8M
Mads Roerslev,dk DEN,DF,Brentford,25-318,19,11,1101.0,0,2,2,0,0.2,3.0,17,51,54,0.0,0.16,0.02,0.24,N/a,N/a,N/a,N/a,40.0,0.16,0.0,20.8,422,78.7,6925,88.0,79.9,55.1,14,37,11,4,51,1.72,18,0.16,2,18,8,28,17,12,5,7,4,645,49,234,268,146,20,19,7,42.1,352,858,17,13,0,9,6,407,54,6,10,0,31,39,10,14,41.7,
Malo Gusto,fr FRA,DF,Chelsea,21-354,29,19,1832.0,0,1,4,0,1.7,1.3,49,119,84,0.0,0.05,0.08,0.06,N/a,N/a,N/a,N/a,18.2,0.2,0.0,21.3,1176,86.5,19189,93.2,88.3,61.3,21,109,18,6,119,2.8,56,0.2,4,43,28,47,23,29,8,21,23,1563,60,378,758,440,43,16,4,68.8,865,2195,49,35,8,16,17,1053,84,20,19,2,51,116,8,15,34.8,€32.8M
Manuel Akanji,ch SUI,DF,Manchester City,29-293,23,20,1744.0,0,0,3,0,0.7,0.4,38,138,6,0.0,0.0,0.04,0.02,N/a,N/a,N/a,N/a,10.0,0.05,0.0,16.3,1427,93.9,23477,95.9,95.4,75.3,9,153,11,2,138,1.75,34,0.1,2,16,11,13,5,11,8,3,7,1635,111,487,797,353,11,2,2,0.0,1071,3362,38,52,0,4,5,1291,6,16,9,0,11,89,26,29,47.3,€42.8M
Manuel Ugarte Ribeiro,uy URU,MF,Manchester Utd,24-027,27,21,1706.0,1,2,10,0,1.0,1.1,16,59,20,0.05,0.11,0.05,0.06,N/a,N/a,N/a,N/a,21.1,0.21,0.05,21.7,765,87.9,12528,89.6,93.1,75.6,10,54,9,3,59,1.64,24,0.21,3,74,46,66,38,31,4,27,26,1111,43,317,613,201,16,32,18,31.3,642,1306,16,16,1,29,25,693,20,38,33,0,7,117,17,18,48.6,€60.4M
Marc Cucurella,es ESP,DF,Chelsea,26-290,33,30,2718.0,4,1,10,1,2.6,2.1,31,107,108,0.13,0.03,0.09,0.07,N/a,N/a,N/a,N/a,40.9,0.3,0.18,16.5,1569,88.0,24756,93.9,90.1,57.0,19,112,12,3,107,1.59,42,0.17,4,59,39,53,27,45,14,31,25,2075,109,637,958,490,73,13,4,53.8,882,2180,31,18,2,26,6,1287,108,34,33,3,29,119,30,51,37.0,€39.4M
Marc Guéhi,eng ENG,DF,Crystal Palace,24-299,33,33,2969.0,3,2,9,1,2.0,1.5,22,128,10,0.09,0.06,0.06,0.05,N/a,N/a,N/a,N/a,46.7,0.21,0.2,10.7,1419,83.3,27112,90.7,89.0,55.1,15,130,11,3,128,1.24,34,0.15,4,56,31,46,16,54,22,32,25,2056,298,1007,914,146,38,15,12,13.3,1099,2891,22,17,1,16,17,1283,10,23,26,1,13,137,68,57,54.4,€54.2M
Marcos Senesi,ar ARG,DF,Bournemouth,27-363,15,12,1014.0,0,0,5,0,0.8,0.2,12,51,5,0.0,0.0,0.07,0.02,N/a,N/a,N/a,N/a,0.0,0.0,0.0,6.0,493,76.6,10211,88.0,85.9,49.7,3,73,12,3,51,1.42,16,0.09,1,35,21,30,16,15,7,8,11,783,67,349,376,67,12,9,5,44.4,483,1465,12,14,0,6,5,493,5,19,7,0,10,67,23,27,46.0,€20.4M
Marcus Rashford,eng ENG,"FW,MF",Manchester Utd,27-189,15,12,978.0,4,1,2,0,1.7,2.1,20,21,79,0.37,0.09,0.16,0.19,N/a,N/a,N/a,N/a,56.3,0.83,0.25,16.4,253,73.8,3508,83.6,65.9,50.0,15,13,16,8,21,2.67,24,0.09,1,7,4,9,6,8,0,8,4,440,3,35,189,222,34,39,9,66.7,293,728,20,19,12,14,6,341,79,8,7,7,27,24,5,7,41.7,€53.6M
Marcus Tavernier,eng ENG,"FW,MF",Bournemouth,26-047,26,17,1670.0,3,5,5,0,5.3,2.8,41,102,106,0.16,0.27,0.29,0.15,N/a,N/a,N/a,N/a,30.0,0.81,0.06,20.2,553,72.5,9408,85.9,78.3,44.9,36,64,30,9,102,4.58,58,0.59,5,41,24,26,16,16,3,13,5,1000,18,114,385,523,51,57,24,49.1,567,1622,41,40,7,39,43,641,106,28,23,4,91,101,25,31,44.6,€24.4M
Mario Lemina,ga GAB,"MF,DF",Wolves,31-249,17,15,1364.0,1,3,4,0,1.4,1.1,8,48,21,0.07,0.2,0.09,0.07,N/a,N/a,N/a,N/a,27.8,0.33,0.06,21.9,493,80.4,9479,85.0,87.7,61.1,10,43,13,4,48,1.71,21,0.33,5,51,31,29,9,12,7,5,27,809,92,324,378,119,18,16,10,25.0,382,1038,8,12,2,21,11,482,21,17,8,4,10,73,25,16,61.0,
Mark Flekken,nl NED,GK,Brentford,31-329,34,34,3005.0,0,2,1,0,0.0,0.5,0,0,0,0.0,0.06,0.0,0.02,1.53,73.1,17.6,0.0,,0.0,,,1179,73.4,34812,97.9,97.5,49.9,3,47,2,0,0,0.3,6,0.06,0,4,4,9,6,2,0,2,0,1707,1338,1660,52,0,0,1,1,0.0,1045,3005,0,0,0,3,0,953,0,0,3,0,0,37,4,0,100.0,€13.6M
Martin Ødegaard,no NOR,MF,Arsenal,26-142,27,24,2130.0,2,7,4,0,4.6,5.0,82,240,144,0.08,0.3,0.19,0.21,N/a,N/a,N/a,N/a,30.2,0.55,0.02,18.7,1141,82.9,17692,90.5,87.4,53.4,57,120,81,5,240,4.86,95,0.59,12,19,11,24,20,5,0,5,4,1550,7,108,655,801,105,55,23,54.5,1071,3426,82,74,23,33,38,1230,144,10,23,1,81,91,8,7,53.3,
Mateo Kovačić,hr CRO,MF,Manchester City,31-002,29,23,2049.0,6,1,5,0,1.7,3.6,52,149,15,0.26,0.04,0.08,0.16,N/a,N/a,N/a,N/a,29.3,0.53,0.15,22.5,1604,92.6,24956,95.1,95.7,64.3,29,189,28,0,149,2.77,52,0.26,4,67,38,63,33,20,0,20,20,1959,51,287,1126,567,16,39,20,28.2,1332,3573,52,73,3,19,29,1590,15,23,23,0,0,110,9,8,52.9,€25.3M
Mateus Fernandes,pt POR,MF,Southampton,20-302,33,31,2640.0,2,3,8,0,3.8,2.6,73,131,102,0.07,0.1,0.13,0.09,N/a,N/a,N/a,N/a,35.9,0.48,0.05,18.5,1003,79.9,16952,87.9,85.6,55.3,31,91,21,4,131,2.42,40,0.2,4,86,46,64,31,40,6,34,21,1619,59,345,800,511,46,99,45,45.5,836,2981,73,66,8,52,33,1000,102,42,53,4,104,165,13,9,59.1,€22.5M
Matheus Cunha,br BRA,"MF,FW",Wolves,25-346,30,27,2425.0,15,6,3,0,7.9,7.3,104,131,147,0.56,0.22,0.29,0.27,N/a,N/a,N/a,N/a,41.2,1.48,0.15,20.6,743,71.9,11781,85.1,75.9,45.1,51,89,54,10,131,4.38,67,0.59,10,35,21,36,25,19,1,18,17,1425,22,173,657,643,117,130,58,43.8,819,3108,104,88,36,72,48,957,147,41,69,8,123,123,10,27,27.0,€62.6M
Matheus Nunes,pt POR,"DF,MF",Manchester City,26-254,24,17,1494.0,1,5,4,0,0.9,4.2,59,69,156,0.06,0.3,0.05,0.25,N/a,N/a,N/a,N/a,42.9,0.18,0.14,18.3,957,86.3,14863,91.3,88.2,64.9,21,45,25,7,69,2.35,32,0.36,4,32,21,34,19,14,3,11,13,1267,39,221,494,560,54,36,16,36.1,779,2131,59,31,22,29,13,916,156,28,17,6,39,60,13,16,44.8,€42.3M
Matt Doherty,ie IRL,DF,Wolves,33-112,28,23,1965.0,2,1,6,0,1.0,1.5,29,76,40,0.09,0.05,0.05,0.07,N/a,N/a,N/a,N/a,30.0,0.14,0.2,11.4,1003,82.6,18738,90.4,86.5,61.7,11,88,14,1,76,1.1,18,0.14,3,37,20,24,8,26,15,11,21,1433,123,566,705,179,25,20,11,30.0,754,2050,29,19,4,11,5,909,40,18,11,2,18,99,48,19,71.6,€4.2M
Matthijs de Ligt,nl NED,DF,Manchester Utd,25-269,29,25,2123.0,2,0,3,0,2.5,0.3,7,55,6,0.08,0.0,0.1,0.01,N/a,N/a,N/a,N/a,50.0,0.38,0.11,7.9,1241,89.9,21810,94.2,94.4,49.1,6,63,2,1,55,0.59,12,0.04,1,30,22,32,9,29,21,8,33,1608,184,828,731,56,29,4,2,50.0,1078,2225,7,3,0,5,3,1158,6,16,12,2,6,68,58,29,66.7,€52.2M
Matty Cash,pl POL,DF,Aston Villa,27-274,24,21,1800.0,1,1,6,0,0.3,1.1,46,39,75,0.05,0.05,0.02,0.05,N/a,N/a,N/a,N/a,40.0,0.2,0.1,19.0,642,79.2,10745,90.2,80.0,52.3,10,37,9,5,39,1.1,20,0.1,2,47,27,34,10,18,7,11,21,1012,73,365,401,257,37,36,15,44.4,507,1618,46,34,4,17,9,575,75,25,16,1,33,64,17,19,47.2,€32.9M
Matz Sels,be BEL,GK,Nott'ham Forest,33-071,35,35,3150.0,0,0,4,0,0.0,0.0,0,1,0,0.0,0.0,0.0,0.0,1.20,74.3,37.1,0.0,,0.0,,,472,51.1,17926,100.0,98.0,36.9,1,42,3,0,1,0.14,2,0.0,0,1,1,1,0,0,0,0,0,1018,777,1002,16,0,0,0,0,,489,1500,0,1,1,0,0,392,0,1,10,0,0,11,14,2,87.5,€9.1M
Max Kilman,eng ENG,DF,West Ham,27-350,35,35,3078.0,0,1,4,0,1.4,1.2,29,107,6,0.0,0.03,0.04,0.03,N/a,N/a,N/a,N/a,16.7,0.06,0.0,8.8,1548,86.6,29962,91.8,92.7,58.0,16,102,4,0,107,0.85,26,0.09,2,33,20,25,4,55,37,18,38,2176,434,1208,879,105,31,20,14,10.0,1151,2956,29,13,2,16,3,1441,6,21,13,2,3,138,105,50,67.7,€36.7M
Maxence Lacroix,fr FRA,DF,Crystal Palace,25-032,32,32,2846.0,1,1,5,0,3.1,0.8,8,61,7,0.03,0.03,0.1,0.02,N/a,N/a,N/a,N/a,17.2,0.16,0.03,11.1,1125,81.5,23175,85.2,90.6,54.3,6,67,3,1,61,0.82,21,0.13,2,67,40,47,15,43,18,25,52,1805,331,1095,637,80,42,14,8,28.6,962,2079,8,4,0,21,4,1062,7,33,18,1,6,123,57,46,55.3,€27.7M
Micky van de Ven,nl NED,DF,Tottenham,24-019,12,11,950.0,0,2,4,0,0.6,1.2,8,51,1,0.0,0.19,0.05,0.11,N/a,N/a,N/a,N/a,33.3,0.19,0.0,11.1,706,91.0,13313,91.7,96.5,62.5,2,50,1,0,51,1.04,8,0.19,2,10,6,14,6,9,6,3,10,862,101,442,393,36,9,8,4,50.0,599,1388,8,10,1,5,4,629,1,10,8,0,0,61,19,18,51.4,€61.8M
Mikel Merino,es ESP,"MF,FW",Arsenal,28-320,26,15,1418.0,6,2,2,0,4.4,1.9,9,62,88,0.38,0.13,0.28,0.12,N/a,N/a,N/a,N/a,37.5,0.76,0.19,10.5,422,78.0,5811,86.9,78.7,53.3,15,34,24,4,62,2.48,33,0.25,3,38,22,29,14,18,5,13,14,724,35,130,303,300,72,19,8,36.8,357,645,9,12,4,22,22,470,88,36,20,7,12,78,57,52,52.3,€40.5M
Mikkel Damsgaard,dk DEN,"MF,FW",Brentford,24-309,35,31,2658.0,2,10,2,0,2.6,7.8,64,213,121,0.07,0.34,0.09,0.26,N/a,N/a,N/a,N/a,21.9,0.24,0.06,17.5,1011,72.7,17333,85.3,73.3,53.2,59,153,67,17,213,3.86,86,0.71,15,78,43,72,44,36,2,34,26,1713,34,310,785,640,72,93,49,35.5,972,2753,64,42,9,54,44,1131,121,18,27,6,130,159,12,25,32.4,€28.6M
Milos Kerkez,hu HUN,DF,Bournemouth,21-182,35,35,3077.0,2,5,4,0,0.5,3.7,96,144,169,0.06,0.15,0.02,0.11,N/a,N/a,N/a,N/a,29.4,0.15,0.12,20.4,1215,75.2,18976,89.4,77.4,37.4,32,80,36,23,144,2.22,61,0.26,7,50,26,37,14,36,11,25,42,1975,105,512,832,654,58,44,20,31.8,986,3394,96,67,15,45,19,1073,169,28,45,1,125,156,25,47,34.7,
Mohamed Salah,eg EGY,FW,Liverpool,32-327,35,35,3101.0,28,18,1,0,24.0,13.2,143,133,440,0.81,0.52,0.7,0.38,N/a,N/a,N/a,N/a,42.0,1.36,0.17,14.7,833,71.2,12448,83.6,70.3,59.6,82,49,86,14,133,4.56,114,0.75,19,20,11,16,9,11,0,11,7,1568,10,90,474,1023,327,125,55,52.0,1079,3375,143,54,115,109,63,1313,440,22,36,16,72,95,9,12,42.9,€38.5M
Mohammed Kudus,gh GHA,"FW,MF",West Ham,24-279,29,29,2421.0,4,2,2,1,6.6,2.5,93,76,201,0.15,0.07,0.24,0.09,N/a,N/a,N/a,N/a,29.4,0.74,0.06,15.7,659,83.5,10770,90.2,89.1,67.9,29,44,27,13,76,3.76,71,0.26,5,35,21,27,17,24,1,23,4,1176,12,159,486,572,117,194,87,45.9,770,2401,93,56,39,70,89,916,201,36,60,18,74,128,10,38,20.8,€61.7M
Moisés Caicedo,ec ECU,"MF,DF",Chelsea,23-187,35,35,3081.0,1,2,10,0,0.8,3.0,38,197,33,0.03,0.06,0.02,0.09,N/a,N/a,N/a,N/a,16.7,0.09,0.06,25.1,1827,89.7,31575,92.2,92.4,78.1,29,219,31,2,197,2.75,82,0.26,6,103,64,80,30,45,10,35,49,2394,89,521,1469,430,15,57,24,35.1,1323,3008,38,29,2,36,24,1666,33,62,55,0,9,203,33,15,68.8,€80.7M
Morgan Gibbs-White,eng ENG,MF,Nott'ham Forest,25-101,31,31,2541.0,5,7,11,1,4.7,4.5,64,153,118,0.18,0.25,0.17,0.16,N/a,N/a,N/a,N/a,34.0,0.64,0.09,17.0,897,78.0,13817,85.0,81.5,57.3,48,117,37,8,153,3.68,88,0.6,12,40,19,30,15,16,4,12,20,1484,34,175,752,581,86,75,30,45.3,829,2410,64,47,12,66,39,1109,118,34,37,7,39,118,39,48,44.8,€61.7M
Morgan Rogers,eng ENG,"FW,MF",Aston Villa,22-286,34,34,2853.0,8,8,9,0,6.2,7.4,108,117,177,0.25,0.25,0.2,0.23,N/a,N/a,N/a,N/a,35.8,0.6,0.15,15.9,628,73.9,9245,81.4,76.2,79.7,48,71,52,2,117,3.19,76,0.44,12,36,18,39,20,25,7,18,5,1269,36,185,557,553,135,153,65,44.4,744,3036,108,64,33,104,68,897,177,46,48,2,22,108,11,43,20.4,€69M
Murillo,br BRA,DF,Nott'ham Forest,22-308,34,34,3008.0,2,0,5,0,1.4,1.1,20,103,5,0.06,0.0,0.04,0.03,N/a,N/a,N/a,N/a,25.0,0.18,0.08,22.2,1056,78.2,20985,90.0,87.8,48.9,12,124,13,1,103,1.2,27,0.06,1,53,36,46,19,67,44,23,32,1792,400,921,789,96,21,33,26,21.2,760,2286,20,24,1,18,10,912,5,25,4,0,12,134,43,21,67.2,€68.4M
Myles Lewis-Skelly,eng ENG,DF,Arsenal,18-224,20,13,1168.0,1,0,2,2,0.1,0.4,32,62,33,0.08,0.0,0.01,0.03,N/a,N/a,N/a,N/a,50.0,0.08,0.5,14.3,604,90.7,8962,95.8,90.3,65.0,7,55,8,1,62,1.85,18,0.0,0,22,14,10,0,2,1,1,6,775,20,138,426,225,14,26,12,34.6,443,1473,32,23,5,11,8,529,33,10,38,0,8,45,8,10,44.4,€34.9M
Nathan Collins,ie IRL,DF,Brentford,24-008,35,35,3150.0,2,3,5,0,2.5,1.8,28,117,18,0.06,0.09,0.07,0.05,N/a,N/a,N/a,N/a,35.3,0.17,0.12,10.7,1572,85.7,30030,87.8,92.5,59.3,10,102,7,2,117,0.86,22,0.23,4,37,22,34,12,71,51,20,32,2257,360,1179,924,164,66,12,6,41.7,1176,3769,28,12,0,19,8,1365,18,24,28,6,7,149,112,60,65.1,€33.3M
Neco Williams,wls WAL,DF,Nott'ham Forest,24-025,32,25,2324.0,1,3,7,0,2.3,1.5,60,82,86,0.04,0.12,0.09,0.06,N/a,N/a,N/a,N/a,18.9,0.27,0.03,20.2,751,76.1,11289,90.6,72.3,38.9,16,64,19,8,82,1.78,33,0.23,4,75,45,73,28,40,9,31,25,1393,143,504,506,401,38,44,18,40.9,569,1970,60,28,15,29,17,654,86,23,39,1,46,96,36,29,55.4,€23.4M
Nick Pope,eng ENG,GK,Newcastle Utd,33-019,25,25,2250.0,0,0,2,0,0.0,0.0,0,1,0,0.0,0.0,0.0,0.0,1.32,70.1,28.0,50.0,,0.0,,,504,72.8,12978,99.0,98.5,42.8,1,2,0,0,1,0.24,6,0.0,0,0,0,0,0,1,0,1,1,773,612,762,11,0,0,0,0,,397,1519,0,0,0,0,1,273,0,2,5,0,0,21,11,1,91.7,€11.7M
Nicolas Jackson,sn SEN,FW,Chelsea,23-322,29,27,2185.0,10,5,7,0,12.3,4.3,46,37,127,0.41,0.21,0.51,0.18,N/a,N/a,N/a,N/a,44.7,1.4,0.13,12.9,300,75.9,4031,81.6,77.4,64.3,28,22,10,1,37,2.8,41,0.41,7,22,13,10,5,14,2,12,3,679,19,50,281,357,139,60,18,51.7,413,1304,46,25,30,69,41,507,127,33,29,23,3,48,19,36,34.5,€66.2M
Nicolás Domínguez,ar ARG,"MF,FW",Nott'ham Forest,26-314,31,20,1734.0,0,1,9,0,1.4,1.3,13,68,27,0.0,0.05,0.07,0.07,N/a,N/a,N/a,N/a,38.9,0.36,0.0,19.0,725,87.0,10492,91.5,90.1,58.3,13,73,9,1,68,1.66,24,0.0,0,76,40,66,36,34,11,23,27,1071,72,274,555,252,26,8,3,37.5,400,805,13,11,2,18,10,585,27,31,16,1,5,102,21,20,51.2,€18.8M
Nikola Milenković,rs SRB,DF,Nott'ham Forest,27-208,34,34,3060.0,4,2,4,0,3.6,1.0,3,49,6,0.12,0.06,0.1,0.03,N/a,N/a,N/a,N/a,26.9,0.21,0.15,12.1,748,81.2,15092,86.8,87.6,60.8,8,48,2,0,49,0.53,14,0.09,3,43,26,27,6,40,24,16,25,1268,242,700,490,82,59,1,1,0.0,486,963,3,3,2,2,2,638,6,18,4,1,0,75,96,37,72.2,€38M
Noni Madueke,eng ENG,FW,Chelsea,23-059,29,24,1813.0,7,3,3,0,9.1,4.0,142,66,212,0.35,0.15,0.45,0.2,N/a,N/a,N/a,N/a,39.0,1.49,0.09,14.4,474,77.6,6993,86.0,76.6,56.4,30,13,34,8,66,3.77,54,0.4,5,22,15,34,21,17,0,17,8,878,20,90,255,548,172,90,40,44.4,587,3159,142,46,87,43,24,676,212,20,24,5,58,72,10,16,38.5,€51.6M
Noussair Mazraoui,ma MAR,DF,Manchester Utd,27-175,34,31,2639.0,0,1,2,0,0.7,1.3,37,102,51,0.0,0.03,0.02,0.05,N/a,N/a,N/a,N/a,23.1,0.1,0.0,20.6,1409,85.5,21053,91.3,89.1,54.3,18,118,18,5,102,1.71,40,0.03,1,102,60,85,34,33,8,25,34,1976,158,779,903,318,27,47,26,36.2,1086,2680,37,29,3,23,16,1190,51,37,22,3,20,141,47,28,62.7,€43M
Nélson Semedo,pt POR,DF,Wolves,31-173,31,30,2661.0,0,4,7,0,0.8,2.7,61,70,109,0.0,0.14,0.03,0.09,N/a,N/a,N/a,N/a,37.5,0.2,0.0,23.4,973,80.1,14811,91.1,82.8,46.6,21,63,25,11,70,1.76,37,0.2,6,58,34,53,23,28,10,18,23,1551,116,446,707,416,24,64,29,42.2,790,2320,61,36,9,40,19,882,109,44,28,4,58,121,27,41,39.7,€8.4M
Ola Aina,ng NGA,DF,Nott'ham Forest,28-212,32,32,2733.0,2,1,3,0,0.6,1.1,59,97,56,0.07,0.03,0.02,0.04,N/a,N/a,N/a,N/a,20.0,0.07,0.2,25.9,893,73.3,13813,88.4,73.7,36.4,15,78,20,9,97,1.91,46,0.1,2,54,41,63,28,32,12,20,31,1550,148,568,647,364,21,68,31,36.8,675,2524,59,40,10,40,22,737,56,21,34,2,47,173,13,18,41.9,€18.8M
Oliver Skipp,eng ENG,MF,Leicester City,24-234,21,8,996.0,0,0,8,0,0.2,0.3,16,31,19,0.0,0.0,0.01,0.02,N/a,N/a,N/a,N/a,25.0,0.09,0.0,21.0,392,85.0,5965,88.5,93.3,59.4,9,30,4,0,31,1.27,12,0.0,0,20,4,15,6,17,4,13,10,557,24,121,350,90,7,11,6,45.5,321,629,16,7,3,11,5,390,19,19,13,0,5,40,10,6,62.5,€17M
Ollie Watkins,eng ENG,FW,Aston Villa,29-129,35,28,2333.0,15,7,2,0,14.7,3.0,52,29,148,0.58,0.27,0.57,0.12,N/a,N/a,N/a,N/a,42.3,1.27,0.17,12.2,284,74.2,3580,79.3,81.5,75.0,23,12,12,0,29,1.97,34,0.42,7,9,6,11,8,11,3,8,8,636,18,48,229,368,155,38,9,65.8,375,1052,52,21,36,53,46,502,148,27,30,13,7,39,47,62,43.1,€61.4M
Omar Marmoush,eg EGY,"FW,MF",Manchester City,26-090,13,12,998.0,6,0,0,0,4.8,1.7,21,29,68,0.54,0.0,0.43,0.15,N/a,N/a,N/a,N/a,42.1,1.44,0.16,18.0,203,78.1,2782,83.6,79.7,50.0,13,8,24,4,29,2.98,18,0.09,0,11,6,15,8,15,1,14,5,416,3,29,121,271,56,39,16,46.2,262,760,21,15,11,37,15,295,68,13,17,9,25,32,5,8,38.5,€79.1M
Omari Hutchinson,eng ENG,"MF,FW",Ipswich Town,21-190,28,27,2313.0,3,2,5,0,2.4,2.7,74,71,135,0.12,0.08,0.09,0.11,N/a,N/a,N/a,N/a,43.2,0.62,0.08,21.0,604,78.4,9504,88.4,84.4,53.4,25,44,21,10,71,2.65,49,0.23,6,31,12,45,32,25,1,24,10,1100,14,178,464,480,76,117,46,47.9,671,2433,74,35,31,72,56,772,135,29,36,4,60,96,6,24,20.0,
Orel Mangala,be BEL,MF,Everton,27-051,19,14,1261.0,1,0,2,0,1.1,0.6,6,34,19,0.07,0.0,0.08,0.05,N/a,N/a,N/a,N/a,37.5,0.43,0.06,22.1,437,89.2,6998,90.5,94.9,76.7,8,50,8,1,34,1.72,17,0.07,0,16,8,8,3,8,3,5,21,621,22,133,335,157,13,24,14,37.5,298,576,6,6,3,12,12,406,19,24,17,2,6,49,6,8,42.9,€24.4M
Pape Matar Sarr,sn SEN,MF,Tottenham,22-236,33,19,1726.0,3,2,6,0,3.3,1.6,32,85,50,0.16,0.1,0.17,0.08,N/a,N/a,N/a,N/a,40.6,0.68,0.09,21.8,856,86.8,13113,90.7,90.0,73.3,15,85,11,2,85,2.19,34,0.31,4,44,32,23,12,23,9,14,26,1189,38,249,669,291,26,28,11,50.0,745,1843,32,35,5,27,21,838,50,31,34,2,14,108,28,40,41.2,€50.8M
Pau Torres,es ESP,DF,Aston Villa,28-112,21,21,1819.0,0,0,1,0,0.5,0.1,33,77,4,0.0,0.0,0.03,0.0,N/a,N/a,N/a,N/a,25.0,0.1,0.0,11.7,1079,88.7,18849,94.9,93.4,53.1,2,96,7,0,77,0.59,9,0.1,1,20,14,15,6,14,10,4,9,1349,218,654,622,79,16,17,15,11.8,839,3596,33,20,0,4,4,963,4,8,7,0,1,54,16,26,38.1,€45.3M
Paul Onuachu,ng NGA,FW,Southampton,30-345,24,11,1029.0,4,1,4,0,3.6,0.5,7,13,40,0.35,0.09,0.32,0.04,N/a,N/a,N/a,N/a,44.1,1.31,0.12,10.4,156,60.7,2219,62.9,62.7,63.2,8,13,2,0,13,0.79,8,0.09,1,7,2,7,4,7,2,5,1,428,17,43,228,160,66,25,7,56.0,208,243,7,5,2,49,33,349,40,28,16,9,0,17,90,56,61.6,€12.7M
Pedro Neto,pt POR,FW,Chelsea,25-060,32,21,2013.0,4,5,8,0,2.9,6.1,118,57,229,0.18,0.22,0.13,0.27,N/a,N/a,N/a,N/a,29.6,0.72,0.07,18.8,632,78.6,10311,92.9,81.5,47.9,44,29,35,22,57,3.8,63,0.36,5,22,9,19,11,13,2,11,9,1034,12,92,302,657,108,92,30,43.5,672,3004,118,52,42,40,25,753,229,19,29,3,133,71,10,26,27.8,€60.6M
Pedro Porro,es ESP,DF,Tottenham,25-237,31,26,2463.0,2,6,4,0,1.5,4.0,63,147,106,0.07,0.22,0.06,0.15,N/a,N/a,N/a,N/a,21.6,0.29,0.05,23.1,1324,73.5,23083,87.5,79.3,44.2,54,120,55,26,147,3.8,69,0.29,4,63,46,73,31,44,17,27,34,2131,124,623,772,749,30,39,13,61.5,1132,2677,63,40,5,23,17,1229,106,24,30,1,191,148,11,22,33.3,€55.9M
Pervis Estupiñán,ec ECU,DF,Brighton,27-107,28,24,2222.0,1,1,5,0,1.1,2.1,55,116,107,0.04,0.04,0.04,0.08,N/a,N/a,N/a,N/a,30.4,0.28,0.04,24.5,1245,83.3,18925,93.5,83.3,49.0,24,97,32,18,116,2.11,34,0.16,3,58,39,46,15,16,2,14,34,1766,72,439,878,467,31,30,16,43.3,944,2388,55,55,9,31,27,1070,107,33,17,3,114,136,43,26,62.3,€37.1M
Phil Foden,eng ENG,"MF,FW",Manchester City,24-345,26,19,1693.0,7,2,2,0,5.1,4.7,47,95,119,0.37,0.11,0.27,0.25,N/a,N/a,N/a,N/a,30.8,0.85,0.13,18.5,743,84.0,11571,90.6,89.2,59.6,42,40,35,5,95,4.47,56,0.48,5,12,5,17,10,12,1,11,9,1076,13,81,375,629,79,39,13,53.8,677,1676,47,30,15,35,30,842,119,5,32,3,73,59,3,8,27.3,€105.7M
Radu Drăgușin,ro ROU,DF,Tottenham,23-094,16,14,1252.0,0,0,1,0,0.1,0.4,7,37,2,0.0,0.0,0.01,0.03,N/a,N/a,N/a,N/a,20.0,0.07,0.0,12.7,716,85.2,13638,91.0,93.0,43.9,4,52,2,1,37,0.58,8,0.07,1,10,6,12,6,22,16,6,15,961,148,510,430,30,12,2,0,0.0,623,1666,7,3,0,8,2,669,2,6,10,0,1,48,33,22,60.0,
Rasmus Højlund,dk DEN,FW,Manchester Utd,22-093,29,20,1744.0,4,0,2,0,3.8,1.3,26,16,83,0.21,0.0,0.2,0.06,N/a,N/a,N/a,N/a,40.0,0.52,0.16,12.8,224,76.7,2426,82.9,71.7,80.0,14,12,5,1,16,1.55,20,0.05,0,3,1,4,4,5,0,5,1,447,6,31,223,201,58,29,9,62.1,275,625,26,13,16,57,27,352,83,15,26,11,6,30,23,82,21.9,€54.9M
Rayan Aït-Nouri,dz ALG,DF,Wolves,23-336,34,34,2865.0,4,7,7,1,2.6,4.7,79,100,158,0.13,0.22,0.08,0.15,N/a,N/a,N/a,N/a,23.5,0.25,0.12,14.9,1309,83.9,18002,93.4,86.7,40.7,36,67,27,9,100,2.45,47,0.38,10,82,52,67,26,40,6,34,24,1944,86,535,827,605,84,116,56,39.7,1006,2850,79,54,24,43,44,1181,158,30,39,5,86,133,20,28,41.7,
Raúl Jiménez,mx MEX,FW,Fulham,34-003,35,27,2224.0,10,3,4,0,11.2,3.2,32,56,119,0.4,0.12,0.45,0.13,N/a,N/a,N/a,N/a,32.1,1.09,0.08,14.4,423,71.0,6367,81.2,73.1,61.2,20,36,10,3,56,2.31,40,0.24,3,33,23,20,13,19,5,14,10,919,30,107,396,431,154,47,19,53.2,509,1000,32,21,17,64,42,677,119,37,37,14,22,74,78,90,46.4,€5.1M
Riccardo Calafiori,it ITA,DF,Arsenal,22-354,17,11,925.0,2,1,4,0,0.9,0.3,21,54,29,0.19,0.1,0.08,0.03,N/a,N/a,N/a,N/a,60.0,0.58,0.2,14.1,449,85.4,6549,91.6,85.7,67.9,6,40,9,1,54,1.26,11,0.19,2,26,18,29,11,12,6,6,9,628,30,161,249,222,29,13,9,23.1,291,839,21,12,3,11,5,377,29,16,6,3,11,30,22,13,62.9,
Rico Lewis,eng ENG,"DF,MF",Manchester City,20-168,27,20,1818.0,1,2,5,1,1.4,0.3,36,104,68,0.05,0.1,0.07,0.02,N/a,N/a,N/a,N/a,20.0,0.1,0.1,15.8,1143,92.0,16487,94.8,94.2,68.3,7,92,14,0,104,1.54,30,0.15,3,29,19,21,8,28,7,21,13,1404,51,286,707,427,42,21,9,52.4,816,2034,36,38,8,19,19,1005,68,11,33,0,3,94,5,13,27.8,€62.7M
Robert Sánchez,es ESP,GK,Chelsea,27-171,29,29,2610.0,0,0,5,0,0.0,0.1,0,1,0,0.0,0.0,0.0,0.0,1.10,76.3,27.6,20.0,,0.0,,,810,71.7,19431,99.5,96.4,38.5,2,25,1,0,1,0.24,6,0.07,1,0,0,1,1,0,0,0,2,1197,883,1186,11,0,0,0,0,,805,2517,0,0,0,0,0,751,0,2,4,0,0,41,9,0,100.0,€24.9M
Rodrigo Bentancur,uy URU,MF,Tottenham,27-317,23,19,1518.0,2,0,7,0,1.3,0.4,26,99,34,0.12,0.0,0.08,0.03,N/a,N/a,N/a,N/a,22.7,0.3,0.09,17.4,916,88.1,14862,91.1,92.7,75.4,10,107,12,2,99,2.67,36,0.18,3,38,20,39,20,24,8,16,36,1252,70,299,747,215,24,18,8,44.4,739,1446,26,23,5,18,19,826,34,31,10,1,4,111,35,27,56.5,€31.5M
Rodrigo Muniz,br BRA,FW,Fulham,24-004,31,8,964.0,8,1,1,0,5.8,0.7,6,27,31,0.75,0.09,0.54,0.07,N/a,N/a,N/a,N/a,48.7,1.77,0.21,12.0,92,64.8,1540,67.6,68.9,84.6,7,13,3,0,27,1.59,10,0.19,1,10,5,4,0,9,2,7,5,311,14,27,161,127,55,18,6,50.0,157,187,6,4,3,47,24,237,31,11,31,3,1,14,67,63,51.5,€8.2M
Ryan Christie,sct SCO,MF,Bournemouth,30-075,29,27,2117.0,2,3,9,0,1.8,3.5,34,137,44,0.09,0.13,0.08,0.15,N/a,N/a,N/a,N/a,36.4,0.51,0.06,19.6,837,79.3,14882,88.2,87.9,48.8,41,118,33,5,137,3.62,72,0.38,8,54,33,64,37,44,11,33,30,1376,74,256,773,372,46,48,23,45.8,726,1773,34,40,8,44,25,777,44,43,31,1,48,182,20,28,41.7,€16.2M
Ryan Gravenberch,nl NED,MF,Liverpool,22-357,34,34,2921.0,0,4,5,0,1.0,2.9,65,168,54,0.0,0.12,0.03,0.09,N/a,N/a,N/a,N/a,27.8,0.15,0.0,24.7,1595,88.9,23774,92.5,91.7,60.8,25,140,32,1,168,2.0,57,0.18,6,65,34,51,21,34,10,24,57,2176,104,446,1274,485,23,75,36,37.3,1286,3408,65,71,9,48,21,1548,54,42,46,0,6,182,26,14,65.0,€85.3M
Ryan Manning,ie IRL,"DF,MF",Southampton,28-328,23,18,1459.0,0,1,2,0,0.3,3.2,14,35,74,0.0,0.06,0.02,0.2,N/a,N/a,N/a,N/a,12.5,0.06,0.0,22.0,619,77.2,10360,92.2,80.9,44.4,34,33,12,8,35,3.08,25,0.18,0,28,17,26,12,20,11,9,17,965,70,258,396,321,22,36,11,44.4,482,977,14,13,4,17,5,572,74,19,32,0,84,65,15,5,75.0,€3.9M
Ryan Yates,eng ENG,MF,Nott'ham Forest,27-168,32,18,1874.0,2,1,10,0,2.3,1.1,17,48,14,0.1,0.05,0.11,0.05,N/a,N/a,N/a,N/a,28.1,0.43,0.06,19.3,592,81.7,8715,87.7,85.8,56.6,17,46,4,0,48,1.73,25,0.14,2,41,21,37,20,35,9,26,26,1001,77,266,488,257,40,18,9,27.8,408,888,17,18,1,23,18,526,14,52,49,6,5,95,44,30,59.5,€18.3M
Rúben Dias,pt POR,DF,Manchester City,27-359,24,22,2001.0,0,0,4,0,1.4,0.3,35,122,6,0.0,0.0,0.06,0.01,N/a,N/a,N/a,N/a,27.8,0.22,0.0,19.2,1943,93.6,33548,97.0,96.3,66.9,5,189,5,0,122,0.99,15,0.04,1,16,10,11,4,17,14,3,18,2230,195,749,1231,255,22,3,2,33.3,1592,5295,35,54,1,7,1,1815,6,12,8,0,3,68,30,31,49.2,€58.5M
Sam Morsy,eg EGY,MF,Ipswich Town,33-240,30,28,2486.0,1,1,10,0,0.3,0.8,16,104,9,0.04,0.04,0.01,0.03,N/a,N/a,N/a,N/a,22.2,0.07,0.11,26.3,1103,86.2,17664,93.2,91.3,57.4,18,132,13,2,104,1.45,35,0.07,2,62,36,57,31,32,13,19,28,1498,88,447,855,210,4,21,12,33.3,761,1783,16,20,2,15,10,999,9,45,24,0,12,138,17,23,42.5,€1.3M
Sammie Szmodics,ie IRL,"FW,MF",Ipswich Town,29-226,19,13,979.0,4,0,2,0,3.4,0.2,16,18,46,0.37,0.0,0.31,0.02,N/a,N/a,N/a,N/a,57.1,1.1,0.19,14.0,144,74.2,2402,87.0,84.4,51.7,4,10,4,1,18,0.83,7,0.0,0,15,9,23,17,10,2,8,6,309,17,80,119,116,33,12,4,50.0,174,399,16,8,7,24,17,189,46,9,8,8,13,41,6,11,35.3,€14.1M
Sander Berge,no NOR,MF,Fulham,27-083,28,24,2091.0,0,0,5,0,0.2,0.6,27,116,8,0.0,0.0,0.01,0.03,N/a,N/a,N/a,N/a,0.0,0.0,0.0,7.6,1017,91.4,18059,91.7,94.6,83.5,17,105,4,0,116,1.76,36,0.09,2,48,28,37,12,26,8,18,20,1291,76,354,737,206,13,20,11,30.0,754,1856,27,22,2,12,15,836,8,29,8,0,3,118,27,20,57.4,€27.8M
Sandro Tonali,it ITA,MF,Newcastle Utd,25-000,33,25,2360.0,3,2,5,0,3.7,1.4,33,116,48,0.11,0.08,0.14,0.05,N/a,N/a,N/a,N/a,31.3,0.38,0.09,19.6,1136,83.5,17948,89.8,87.0,61.8,20,91,26,4,116,2.32,44,0.3,8,47,30,44,22,32,10,22,33,1624,63,372,896,382,41,35,19,37.1,877,2014,33,34,5,27,23,1126,48,36,44,2,31,163,12,11,52.2,€52.9M
Santiago Bueno,uy URU,DF,Wolves,26-180,28,18,1683.0,0,0,2,0,0.4,0.0,1,28,1,0.0,0.0,0.02,0.0,N/a,N/a,N/a,N/a,50.0,0.16,0.0,14.0,741,88.0,13598,92.5,93.9,56.0,0,24,2,0,28,0.64,10,0.21,3,40,21,22,5,35,20,15,15,1023,169,520,485,21,6,4,0,100.0,555,1430,1,2,0,2,2,660,1,26,5,0,0,43,35,31,53.0,€11.2M
Saša Lukić,rs SRB,MF,Fulham,28-268,28,26,2169.0,0,2,12,0,1.2,2.6,37,92,29,0.0,0.08,0.05,0.11,N/a,N/a,N/a,N/a,11.8,0.08,0.0,20.1,1027,87.7,17364,91.9,92.0,70.3,23,97,15,6,92,2.08,32,0.12,2,66,37,53,32,19,7,12,26,1394,50,303,797,307,18,17,8,29.4,775,2083,37,39,4,22,8,897,29,62,26,0,55,107,18,24,42.9,€12.1M
Sepp van den Berg,nl NED,DF,Brentford,23-139,28,26,2316.0,0,0,2,0,1.7,0.5,10,72,27,0.0,0.0,0.07,0.02,N/a,N/a,N/a,N/a,31.3,0.19,0.0,10.6,958,84.7,16548,87.7,89.1,62.5,5,57,3,1,72,0.82,19,0.08,1,37,22,27,9,50,36,14,20,1430,252,728,547,159,42,7,4,42.9,636,1663,10,9,1,14,7,806,27,20,5,1,7,87,84,66,56.0,€26.4M
Simon Adingra,ci CIV,"FW,MF",Brighton,23-127,26,10,956.0,2,1,0,0,2.2,1.8,37,14,119,0.19,0.09,0.21,0.17,N/a,N/a,N/a,N/a,28.0,0.66,0.08,16.2,255,76.1,3699,87.0,74.0,55.6,13,5,12,5,14,3.68,27,0.66,5,23,14,22,12,12,0,12,8,488,8,63,158,272,64,48,21,56.3,324,1042,37,17,20,35,11,341,119,11,3,2,35,41,6,3,66.7,€34M
Son Heung-min,kr KOR,FW,Tottenham,32-304,28,23,2004.0,7,9,1,0,7.0,8.2,87,104,259,0.31,0.4,0.31,0.37,N/a,N/a,N/a,N/a,45.3,1.08,0.11,17.0,703,79.0,9833,89.7,80.0,48.0,50,36,51,6,104,5.21,86,0.67,13,17,9,23,18,10,0,10,5,1093,15,110,347,646,117,82,29,48.8,732,2334,87,45,40,25,29,837,259,5,28,11,75,81,6,11,35.3,
Stefan Ortega,de GER,GK,Manchester City,32-183,13,12,1100.0,0,0,1,0,0.0,0.0,0,0,0,0.0,0.0,0.0,0.0,1.47,68.0,25.0,0.0,,0.0,,,373,81.3,8327,97.1,96.9,51.3,0,6,0,0,0,0.0,0,0.0,0,0,0,1,1,0,0,0,0,492,383,489,3,0,0,0,0,,323,864,0,0,0,0,0,309,0,1,2,0,0,8,2,0,100.0,€5.8M
Stephy Mavididi,eng ENG,FW,Leicester City,26-342,30,16,1615.0,4,1,2,0,1.8,2.6,91,57,138,0.22,0.06,0.1,0.15,N/a,N/a,N/a,N/a,26.9,0.39,0.15,16.1,460,75.0,6191,91.1,67.4,41.9,22,32,26,7,57,2.78,39,0.39,6,34,19,42,28,26,2,24,11,863,23,132,327,421,61,95,35,49.5,583,2355,91,40,27,39,35,623,138,18,18,3,69,83,9,15,37.5,€12.9M
Sávio,br BRA,"FW,MF",Manchester City,21-028,27,21,1734.0,1,8,3,0,4.9,6.8,133,66,239,0.05,0.42,0.25,0.35,N/a,N/a,N/a,N/a,38.9,1.09,0.02,17.7,676,80.9,10078,89.8,80.1,57.4,44,19,47,8,66,5.55,76,0.78,10,22,16,18,9,13,2,11,6,1071,14,55,281,754,149,111,51,35.1,766,3494,133,44,73,42,37,834,239,17,27,3,81,79,1,2,33.3,€74.8M
Taylor Harwood-Bellis,eng ENG,DF,Southampton,23-098,32,30,2654.0,1,0,9,0,1.8,1.0,29,119,9,0.03,0.0,0.06,0.03,N/a,N/a,N/a,N/a,40.0,0.27,0.05,10.6,1807,87.9,33577,92.9,91.8,64.4,14,171,10,1,119,1.25,32,0.07,1,27,19,34,15,60,38,22,30,2349,313,1089,1092,178,40,3,3,0.0,1361,3731,29,27,0,15,5,1704,9,34,14,0,10,120,56,42,57.1,€29.9M
Thomas Partey,gh GHA,"MF,DF",Arsenal,31-329,32,28,2527.0,4,2,4,0,2.0,1.9,32,171,47,0.14,0.07,0.07,0.07,N/a,N/a,N/a,N/a,30.4,0.25,0.17,19.5,1525,87.3,24370,92.9,88.6,66.4,17,151,33,2,171,2.07,48,0.46,8,80,49,72,28,25,7,18,33,1989,66,418,1098,485,28,33,22,27.3,1125,3235,32,37,3,22,16,1416,47,40,28,1,12,123,26,22,54.2,
Timothy Castagne,be BEL,DF,Fulham,29-154,24,17,1649.0,0,1,1,0,0.4,1.2,17,62,67,0.0,0.05,0.02,0.07,N/a,N/a,N/a,N/a,37.5,0.16,0.0,14.0,780,81.8,12441,89.8,85.9,49.3,9,51,5,3,62,1.36,21,0.16,2,46,29,45,19,15,6,9,22,1164,92,449,462,259,32,12,5,41.7,547,1044,17,15,2,15,5,665,67,15,6,1,37,57,34,35,49.3,€17.4M
Tomáš Souček,cz CZE,MF,West Ham,30-070,32,27,2330.0,8,1,8,0,6.0,1.0,6,70,65,0.31,0.04,0.23,0.04,N/a,N/a,N/a,N/a,26.9,0.54,0.15,12.0,656,73.7,10935,79.7,76.3,68.9,14,59,8,1,70,1.66,35,0.12,2,42,19,39,17,35,17,18,18,1168,110,315,577,280,97,11,6,45.5,449,470,6,10,3,17,13,696,65,44,24,4,13,57,95,68,58.3,€23.2M
Tosin Adarabioyo,eng ENG,DF,Chelsea,27-226,20,13,1229.0,1,1,3,0,0.9,0.2,5,37,1,0.07,0.07,0.07,0.02,N/a,N/a,N/a,N/a,16.7,0.15,0.08,12.5,988,91.4,18105,95.7,94.9,61.1,1,53,1,0,37,0.88,7,0.07,0,14,10,12,4,9,7,2,10,1198,160,570,603,26,13,5,4,0.0,713,1690,5,2,0,3,0,916,1,8,6,1,0,34,36,26,58.1,€24.3M
Toti Gomes,pt POR,DF,Wolves,26-112,28,27,2344.0,0,1,6,0,0.7,0.9,21,67,15,0.0,0.04,0.03,0.04,N/a,N/a,N/a,N/a,28.6,0.08,0.0,11.6,1272,85.1,21197,91.3,92.4,49.3,9,72,5,3,67,0.77,19,0.04,1,53,38,37,7,28,17,11,23,1772,207,847,851,95,15,28,19,25.0,1028,2641,21,18,0,16,13,1202,15,23,14,4,13,100,48,24,66.7,€18.6M
Trent Alexander-Arnold,eng ENG,DF,Liverpool,26-213,31,28,2296.0,3,6,5,0,1.8,6.7,50,221,90,0.12,0.24,0.07,0.26,N/a,N/a,N/a,N/a,18.6,0.31,0.07,23.3,1397,73.6,26692,89.9,76.2,48.6,50,198,63,20,221,3.68,72,0.39,9,70,49,103,55,26,9,17,30,2173,86,578,976,633,44,35,16,48.6,1139,2780,50,35,9,19,15,1384,90,11,8,1,145,129,3,13,18.8,€55.8M
Trevoh Chalobah,eng ENG,DF,Crystal Palace,25-307,12,12,1060.0,3,0,1,0,1.2,0.4,11,34,6,0.25,0.0,0.1,0.03,N/a,N/a,N/a,N/a,36.4,0.34,0.27,15.1,349,79.0,6831,88.7,85.2,51.2,4,27,2,1,34,0.93,10,0.0,0,20,16,23,11,19,9,10,19,594,66,275,276,51,14,10,6,20.0,278,661,11,9,1,4,7,317,6,10,15,1,7,56,22,19,53.7,€20.1M
Tyler Adams,us USA,MF,Bournemouth,26-083,25,18,1710.0,0,3,7,0,1.6,1.0,12,65,9,0.0,0.16,0.08,0.05,N/a,N/a,N/a,N/a,25.0,0.11,0.0,16.1,757,83.6,11872,88.7,88.0,54.7,16,57,2,1,65,1.95,32,0.21,3,75,46,66,31,33,10,23,32,1151,53,308,661,194,17,16,3,56.3,554,1183,12,17,1,27,12,630,9,41,19,0,3,100,29,17,63.0,€24.4M
Tyler Dibling,eng ENG,"FW,MF",Southampton,19-057,31,18,1742.0,2,0,6,0,2.5,1.5,68,61,93,0.1,0.0,0.13,0.08,N/a,N/a,N/a,N/a,32.1,0.46,0.07,19.3,472,80.7,7050,90.2,85.1,43.5,20,25,20,1,61,2.89,34,0.21,2,34,20,26,10,19,5,14,8,823,25,110,372,360,41,104,44,36.5,533,2129,68,49,26,41,53,617,93,28,49,2,28,75,10,21,32.3,€32.7M
Tyrick Mitchell,eng ENG,DF,Crystal Palace,25-249,35,35,2942.0,0,4,2,0,1.2,5.7,56,64,166,0.0,0.12,0.04,0.18,N/a,N/a,N/a,N/a,18.2,0.06,0.0,13.4,929,72.3,14968,84.5,75.1,42.2,38,46,32,15,64,2.11,62,0.18,5,87,54,42,20,62,12,50,14,1656,108,573,637,459,42,33,13,48.5,766,1590,56,33,9,36,28,850,166,20,24,2,100,156,18,21,46.2,€24.6M
Tyrone Mings,eng ENG,DF,Aston Villa,32-056,13,11,1051.0,0,0,1,0,0.8,0.2,6,39,0,0.0,0.0,0.07,0.02,N/a,N/a,N/a,N/a,11.1,0.09,0.0,11.8,581,88.6,10405,92.7,94.3,54.0,3,47,5,0,39,1.45,14,0.17,1,6,5,2,0,13,11,2,7,767,139,388,340,43,15,2,2,0.0,472,1333,6,12,0,3,1,523,0,3,9,0,1,33,26,21,55.3,€5.8M
Valentino Livramento,eng ENG,DF,Newcastle Utd,22-177,34,29,2570.0,0,1,1,0,0.2,2.3,73,144,98,0.0,0.04,0.01,0.08,N/a,N/a,N/a,N/a,20.0,0.04,0.0,20.6,1278,85.0,18914,90.6,86.3,57.0,21,98,24,5,144,1.37,37,0.07,2,52,34,56,26,34,10,24,21,1796,108,572,822,427,33,48,21,41.7,935,2984,73,39,11,26,34,1041,98,6,34,2,45,173,23,31,42.6,€49.3M
Victor Bernth Kristiansen,dk DEN,DF,Leicester City,22-143,28,28,2380.0,0,1,1,0,0.3,1.4,39,69,75,0.0,0.04,0.01,0.05,N/a,N/a,N/a,N/a,0.0,0.0,0.0,17.7,1007,77.6,16181,89.6,80.1,41.4,18,74,23,18,69,1.55,32,0.11,3,85,50,87,40,37,14,23,40,1581,113,564,711,319,15,17,8,47.1,800,1806,39,25,5,13,12,872,75,17,17,3,96,97,19,42,31.1,€23.9M
Virgil van Dijk,nl NED,DF,Liverpool,33-304,35,35,3150.0,3,1,4,0,2.2,0.7,18,180,6,0.09,0.03,0.06,0.02,N/a,N/a,N/a,N/a,29.6,0.23,0.11,13.1,2543,91.6,46352,96.1,95.5,67.2,12,269,6,0,180,1.34,40,0.11,4,35,17,20,9,25,14,11,54,3125,425,1257,1719,159,48,5,3,40.0,1746,4531,18,22,3,9,5,2153,6,16,12,0,1,110,111,46,70.7,€24.3M
Vitaliy Mykolenko,ua UKR,DF,Everton,25-344,32,32,2812.0,0,1,3,0,0.4,1.6,31,105,90,0.0,0.03,0.01,0.05,N/a,N/a,N/a,N/a,0.0,0.0,0.0,20.5,908,74.4,15184,89.0,74.2,44.7,20,96,37,22,105,1.22,36,0.1,2,55,33,51,25,24,9,15,37,1541,115,480,656,416,30,20,8,45.0,636,1432,31,27,1,21,10,783,90,20,28,3,91,79,46,36,56.1,€33.5M
Vitaly Janelt,de GER,MF,Brentford,26-363,32,27,2254.0,1,3,3,0,0.8,2.2,17,80,38,0.04,0.12,0.03,0.09,N/a,N/a,N/a,N/a,28.6,0.16,0.07,17.7,872,82.5,14466,90.6,85.4,55.9,14,78,23,7,80,1.28,31,0.12,3,38,22,36,15,33,9,24,27,1289,118,418,574,306,32,12,3,58.3,652,1278,17,18,3,16,10,814,38,24,15,1,30,107,19,11,63.3,€27.1M
Wes Burns,wls WAL,"FW,DF",Ipswich Town,30-166,18,12,926.0,0,1,1,0,0.5,1.6,38,8,65,0.0,0.1,0.05,0.16,N/a,N/a,N/a,N/a,14.3,0.1,0.0,18.3,153,60.5,2416,80.4,65.4,38.9,10,8,8,7,8,1.55,12,0.1,1,13,11,10,6,7,2,5,10,350,21,69,129,160,18,24,9,58.3,216,696,38,13,10,17,13,220,65,4,11,0,46,50,8,21,27.6,€2.1M
Wesley Fofana,fr FRA,DF,Chelsea,24-142,14,14,1172.0,0,0,7,0,0.4,0.4,19,32,4,0.0,0.0,0.03,0.03,N/a,N/a,N/a,N/a,0.0,0.0,0.0,10.6,724,90.2,12262,93.9,92.5,61.9,6,54,1,0,32,1.15,12,0.0,0,13,12,14,8,14,9,5,14,933,81,370,523,55,10,15,8,20.0,557,1614,19,12,1,16,5,665,4,24,16,0,1,54,27,12,69.2,€30.3M
Wilfred Ndidi,ng NGA,MF,Leicester City,28-143,26,26,2147.0,0,4,8,0,2.0,1.8,17,65,75,0.0,0.17,0.09,0.08,N/a,N/a,N/a,N/a,36.4,0.34,0.0,13.9,775,80.3,11104,87.0,82.1,54.5,15,62,10,3,65,1.13,25,0.13,3,81,50,54,27,47,19,28,26,1298,113,430,634,246,60,32,13,53.1,628,1029,17,23,2,34,33,772,75,39,17,3,30,121,55,55,50.0,€20.3M
Will Hughes,eng ENG,MF,Crystal Palace,30-021,30,21,1899.0,0,3,11,0,1.0,2.7,19,83,24,0.0,0.14,0.05,0.13,N/a,N/a,N/a,N/a,5.0,0.05,0.0,22.5,672,75.8,10702,88.8,82.5,35.8,29,69,14,3,83,2.89,38,0.28,2,61,33,59,32,30,14,16,19,1096,42,259,562,287,15,14,4,42.9,478,1132,19,22,1,20,24,606,24,60,30,0,68,110,17,17,50.0,€11.1M
William Saliba,fr FRA,DF,Arsenal,24-045,33,33,2904.0,2,0,2,1,2.3,0.9,16,134,6,0.06,0.0,0.07,0.03,N/a,N/a,N/a,N/a,33.3,0.06,0.33,5.4,2320,94.2,39927,95.7,96.0,79.9,7,175,6,0,134,0.81,24,0.03,1,60,36,27,6,24,15,9,21,2717,178,1072,1519,141,18,19,12,31.6,1675,4013,16,17,1,18,7,2056,6,28,17,1,3,146,58,35,62.4,€79.5M
Wout Faes,be BEL,DF,Leicester City,27-035,31,27,2545.0,1,0,4,0,1.4,0.1,12,80,1,0.04,0.0,0.05,0.0,N/a,N/a,N/a,N/a,9.1,0.04,0.09,10.0,1252,87.7,23226,93.8,95.0,53.7,4,79,6,0,80,0.6,15,0.0,0,39,23,43,20,45,33,12,26,1735,277,852,824,67,26,6,5,16.7,1011,2703,12,13,2,16,6,1154,1,21,10,1,5,87,41,34,54.7,€25M
Yankuba Minteh,gm GAM,"FW,MF",Brighton,20-290,29,17,1587.0,6,4,6,0,4.0,4.7,71,40,163,0.34,0.23,0.22,0.27,N/a,N/a,N/a,N/a,50.0,0.85,0.2,13.5,297,62.3,4794,78.3,61.9,47.5,25,13,29,8,40,3.07,31,0.62,5,45,32,45,28,20,0,20,11,723,30,129,204,408,121,84,40,44.0,410,1768,71,19,56,44,21,423,163,20,10,4,76,75,16,32,33.3,€42.6M
Yasin Ayari,se SWE,MF,Brighton,21-214,31,19,1759.0,1,1,3,0,2.2,2.2,30,69,59,0.05,0.05,0.11,0.11,N/a,N/a,N/a,N/a,28.0,0.36,0.04,19.0,713,81.2,10693,91.5,84.7,37.1,28,52,17,4,69,2.97,35,0.31,4,54,29,51,30,23,6,17,20,1119,52,247,569,320,43,41,17,36.6,585,1398,30,25,6,34,21,716,59,33,23,3,64,107,14,20,41.2,€21.4M
Yehor Yarmoliuk,ua UKR,MF,Brentford,21-068,28,12,1196.0,0,0,5,0,0.6,0.9,15,52,44,0.0,0.0,0.05,0.07,N/a,N/a,N/a,N/a,22.2,0.15,0.0,15.9,535,85.5,9305,86.4,88.4,83.8,9,62,7,4,52,1.66,19,0.15,2,39,24,46,23,24,7,17,10,794,52,219,411,179,15,21,10,42.9,410,748,15,17,3,24,16,493,44,13,9,2,16,92,8,7,53.3,€18M
Yoane Wissa,cd COD,FW,Brentford,28-247,32,31,2650.0,18,3,2,0,16.5,1.8,51,57,135,0.61,0.1,0.56,0.06,N/a,N/a,N/a,N/a,46.3,1.26,0.23,13.4,408,76.1,5924,85.1,75.3,57.8,23,41,9,1,57,2.07,36,0.27,7,22,12,27,16,29,8,21,8,850,32,130,348,387,147,45,13,51.1,497,1452,51,23,28,70,29,599,135,28,47,14,20,67,29,34,46.0,€31.4M
Youri Tielemans,be BEL,MF,Aston Villa,28-001,35,35,2997.0,3,7,4,0,3.1,6.9,39,234,48,0.09,0.21,0.09,0.21,N/a,N/a,N/a,N/a,31.6,0.36,0.08,20.3,1679,82.1,28817,89.7,87.4,54.1,59,228,37,4,234,3.57,78,0.36,9,83,57,73,33,37,16,21,22,2361,100,472,1357,557,42,60,31,30.0,1275,2541,39,26,9,30,29,1654,48,41,56,0,118,145,22,18,55.0,€41.5M
Yukinari Sugawara,jp JPN,"DF,MF",Southampton,24-314,29,15,1467.0,1,1,4,0,0.5,2.2,32,68,76,0.06,0.06,0.03,0.14,N/a,N/a,N/a,N/a,38.5,0.31,0.08,19.2,689,79.9,10831,88.2,82.9,47.9,17,43,21,9,68,2.39,30,0.06,1,29,16,30,12,17,7,10,10,1023,61,306,395,327,29,20,9,50.0,553,1354,32,15,7,18,4,692,76,15,9,4,69,40,5,9,35.7,€15.7M
Yves Bissouma,ml MLI,MF,Tottenham,28-251,25,16,1300.0,2,0,7,0,0.6,0.3,15,72,3,0.14,0.0,0.04,0.02,N/a,N/a,N/a,N/a,36.4,0.28,0.18,23.4,717,89.2,10833,92.7,92.9,63.2,6,59,10,1,72,1.04,14,0.0,0,47,29,33,15,9,6,3,16,981,63,282,554,151,5,21,7,66.7,577,1526,15,17,0,25,15,669,3,23,18,0,2,78,5,7,41.7,€29.8M
Álex Moreno,es ESP,"DF,MF",Nott'ham Forest,31-334,15,11,955.0,0,1,2,0,0.2,1.3,26,34,34,0.0,0.09,0.02,0.12,N/a,N/a,N/a,N/a,0.0,0.0,0.0,23.7,308,72.0,4574,87.6,64.2,35.0,8,25,9,2,34,1.51,15,0.19,2,25,18,39,24,11,5,6,15,559,60,210,202,158,8,21,8,38.1,229,864,26,16,4,13,6,258,34,12,6,0,19,50,3,11,21.4,€11M
İlkay Gündoğan,de GER,MF,Manchester City,34-196,31,23,2050.0,0,5,1,0,2.7,2.8,57,115,86,0.0,0.22,0.12,0.12,N/a,N/a,N/a,N/a,20.0,0.22,0.0,18.3,1408,89.3,21666,94.4,91.9,62.9,37,97,21,2,115,3.25,58,0.48,9,24,13,23,13,14,0,14,13,1748,43,256,848,664,60,35,16,37.1,1035,2813,57,52,9,27,24,1366,86,15,21,0,57,105,13,11,54.2,€12.1M
Łukasz Fabiański,pl POL,GK,West Ham,40-020,13,12,1070.0,0,0,2,0,0.0,0.0,0,0,0,0.0,0.0,0.0,0.0,1.68,74.6,16.7,0.0,,0.0,,,304,67.0,8756,100.0,99.3,41.3,0,4,0,0,0,0.25,2,0.0,0,0,0,1,1,0,0,0,0,488,382,483,5,0,0,2,2,0.0,258,845,0,0,0,0,0,227,0,2,1,0,0,5,2,1,66.7,€0.9M
